,index,Latitude,Longitude,City,Country,Temperature,Cloudiness,Humidity,Wind Speed,Updated Latitude
0,0,7.150000000049701,-41.01000000012641,carutapera,br,80.7,64,86,6.33,-1.2
1,1,-16.079999999962183,16.00999999982173,ondjiva,ao,78.49,48,19,14.16,-17.07
2,2,13.220000000052806,-89.9500000000819,acajutla,sv,88.54,20,59,6.93,13.59
3,3,45.65000000006938,42.809999999797355,oktyabrskoye,ru,-1.21,56,79,4.88,56.73
4,4,25.780000000059232,72.68999999977018,samdari,in,66.66,0,56,4.09,25.81
5,5,-41.34999999997511,178.2299999996742,otane,nz,62.47,92,84,4.88,-39.89
6,6,44.63000000006889,37.0399999998026,anapskaya,ru,26.6,76,100,6.71,44.9
7,8,24.560000000058608,78.77999999976464,mahroni,in,66.57,0,60,2.75,24.59
8,9,13.880000000053144,-1.0800000001627268,djibo,bf,85.33,0,24,10.47,14.1
9,10,-35.37999999997206,137.2099999997115,victor harbor,au,66.2,0,68,4.7,-35.55
10,11,37.160000000065054,119.42999999972767,hanting,cn,41.91,92,100,16.84,30.92
11,12,29.47000000006112,111.92999999973449,nanzhou,cn,48.3,80,100,14.5,29.37
12,13,48.01000000007059,-58.10000000011087,stephenville crossing,ca,33.8,40,80,5.82,48.5
13,14,-20.439999999964414,-69.23000000010074,iquique,cl,77,0,53,19.46,-20.22
14,15,-2.189999999955077,48.48999999979219,mogadishu,so,80.88,0,97,13.38,2.04
15,16,-29.12999999996886,41.819999999798256,beloha,mg,77.05,76,86,3.76,-25.17
16,17,52.55000000007294,84.40999999975952,bystryy istok,ru,2.58,44,75,17.96,52.37
17,18,35.540000000064225,4.229999999832444,tazmalt,dz,62.6,75,72,3.36,36.39
18,19,7.470000000049865,-73.22000000009712,el playon,co,89.6,40,49,4.7,3.24
19,20,27.600000000060163,110.97999999973536,lengshuijiang,cn,49.69,92,99,4.76,27.66
20,21,-15.579999999961927,162.3799999996886,luganville,vu,77.73,92,100,5.66,-15.51
21,22,43.180000000068134,30.419999999808624,sfantu gheorghe,ro,18.5,64,85,4.7,44.65
22,23,-13.169999999960694,-70.26000000009981,macusani,pe,52.08,92,100,1.19,-14.07
23,24,13.210000000052801,35.48999999980401,doka,sd,71.61,0,20,11.81,13.52
24,25,-0.3499999999541359,119.19999999972788,palu,id,65.89,56,92,1.63,-0.9
25,26,5.090000000048647,20.049999999818056,kouango,cf,77.28,56,75,7.45,4.99
26,27,44.940000000069034,13.959999999823594,pula,hr,34.92,75,93,8.05,44.87
27,28,34.81000000006385,69.97999999977264,mehtar lam,af,57.2,75,93,1.97,34.67
28,29,-14.769999999961513,54.87999999978638,antalaha,mg,77.32,48,94,9.57,-14.9
29,30,-23.569999999966015,16.02999999982171,rehoboth,na,76.87,68,32,11.48,-23.31
30,31,56.06000000007472,-111.76000000006206,athabasca,ca,20.31,68,81,15.84,54.72
31,33,-4.319999999956167,106.14999999973975,metro,id,73.45,44,100,3.42,-5.11
32,34,-8.889999999958505,140.12999999970884,merauke,id,76.15,8,100,5.77,-8.49
33,35,41.1600000000671,56.36999999978502,gazanjyk,tm,48.52,88,91,12.48,39.24
34,36,36.22000000006457,49.49999999979127,takestan,ir,42.8,0,75,2.24,36.07
35,37,-28.769999999968675,139.89999999970905,broken hill,au,58.11,20,79,7.9,-31.97
36,38,33.42000000006314,-80.36000000009062,summerville,us,76.55,40,57,13.87,33.02
37,39,28.950000000060854,89.47999999975491,gasa,bt,-4.76,8,51,1.07,27.91
38,40,49.57000000007139,136.47999999971216,troitskoye,ru,4.47,48,69,11.48,52.98
39,41,60.510000000077014,136.38999999971224,solnechnyy,ru,6.45,76,78,9.69,50.72
40,42,47.95000000007059,-110.76000000006297,great falls,us,31.95,1,47,12.75,47.5
41,44,-31.449999999970046,-54.69000000011397,dom pedrito,br,91.4,40,38,6.93,-30.98
42,45,51.40000000007234,26.989999999811744,rokytne,ua,7.48,80,83,9.69,51.27
43,46,61.17000000007732,-0.010000000163699951,lerwick,gb,27.5,75,86,5.82,60.15
44,47,-11.859999999960024,54.069999999787115,sambava,mg,81.6,24,100,16.4,-14.27
45,48,60.9000000000772,-153.36000000002423,kenai,us,4.87,1,66,6.93,60.55
46,49,37.74000000006535,44.47999999979584,yuksekova,tr,41,20,74,4.7,37.57
47,50,8.140000000050208,13.839999999823704,tchollire,cm,74.8,0,50,4.09,8.4
48,51,57.180000000075296,89.97999999975445,novobirilyussy,ru,1.05,64,80,5.66,56.95
49,54,-11.209999999959692,45.799999999794636,koungou,yt,82.4,48,78,5.82,-12.73
50,55,6.800000000049522,-96.40000000007603,champerico,gt,91.4,40,43,18.34,14.3
51,56,58.030000000075745,109.99999999973625,alekseyevsk,ru,-19.88,0,55,2.98,57.84
52,57,63.53000000007853,33.529999999805796,segezha,ru,12.07,92,88,2.98,63.74
53,58,33.12000000006299,101.38999999974408,linxia,cn,12.52,0,54,2.19,35.6
54,59,43.74000000006842,10.239999999826978,viareggio,it,30.22,75,100,14.99,43.87
55,60,30.970000000061887,57.11999999978434,ravar,ir,36.28,0,50,2.08,31.27
56,61,33.05000000006295,108.99999999973716,ankang,cn,36.64,88,96,2.19,32.73
57,62,8.900000000050596,5.049999999831698,lafiagi,ng,84.97,32,45,8.23,8.85
58,63,42.89000000006797,118.77999999972826,chifeng,cn,26.02,8,49,15.73,42.27
59,64,29.360000000061063,-107.88000000006559,madera,mx,57.75,0,43,3.42,29.2
60,66,71.54000000008264,17.849999999820056,tromso,no,32,90,100,17.22,69.65
61,68,48.470000000070854,92.25999999975238,ulaangom,mn,11.58,0,89,8.68,49.98
62,70,78.46000000008618,26.419999999812262,honningsvag,no,26.35,75,79,8.05,70.98
63,72,52.22000000007276,-46.42000000012149,bonavista,ca,33.45,92,97,2.75,48.65
64,73,21.330000000056955,77.59999999976571,achalpur,in,65.62,0,59,2.42,21.25
65,74,42.290000000067664,32.309999999806905,zonguldak,tr,23.01,20,100,3.87,41.25
66,75,46.94000000007006,12.02999999982535,brunico,it,27.66,40,92,1.12,46.8
67,76,-15.929999999962106,33.37999999980593,tete,mz,71.25,92,100,3.65,-16.16
68,77,53.0800000000732,142.9199999997063,tungor,ru,3.97,64,80,13.04,53.39
69,78,35.28000000006409,-113.58000000006041,kingman,us,60.33,20,23,13.87,35.19
70,79,41.38000000006721,59.83999999978187,dasoguz,tm,36.5,90,94,11.41,41.84
71,80,43.400000000068246,-115.21000000005893,mountain home,us,38.86,75,100,23.04,43.13
72,81,62.48000000007801,40.74999999979923,puksoozero,ru,8.07,92,82,4.65,62.59
73,82,54.77000000007405,19.389999999818656,baltiysk,ru,12.2,90,85,6.71,54.66
74,83,40.50000000006676,-14.830000000150221,peniche,pt,51.8,20,71,9.17,39.36
75,84,25.610000000059145,25.249999999813326,jalu,ly,59.68,0,56,8.23,29.03
76,86,-6.899999999957487,-39.850000000127466,assare,br,78.67,36,77,3.09,-6.87
77,87,54.16000000007375,-116.8900000000574,edson,ca,28.4,75,50,18.34,53.59
78,88,65.54000000007957,130.66999999971745,batagay-alyta,ru,-14.03,64,78,2.75,67.8
79,89,53.530000000073414,114.15999999973246,bagdarin,ru,-14.17,36,54,2.75,54.44
80,90,-36.28999999997252,155.0099999996953,kiama,au,64.4,75,77,4.7,-34.67
81,92,64.11000000007886,-22.770000000143,keflavik,is,33.1,0,100,8.05,64
82,93,27.83000000006028,104.31999999974141,wufeng,cn,45.15,92,91,2.64,27.44
83,94,38.020000000065494,-122.21000000005256,benicia,us,53.1,75,62,14.99,38.05
84,95,37.280000000065115,-121.15000000005352,patterson,us,52.52,90,87,28.86,37.47
85,96,-24.92999999996671,148.24999999970146,emerald,au,75.52,32,88,4.21,-23.53
86,97,21.77000000005718,84.7599999997592,deogarh,in,62.29,0,73,1.97,21.53
87,98,59.47000000007648,116.4299999997304,kropotkin,ru,25.08,44,85,5.1,45.43
88,99,25.58000000005913,-89.65000000008217,houma,us,81.09,75,61,14.99,29.6
89,100,-20.349999999964368,-40.87000000012654,domingos martins,br,87.8,40,58,18.34,-20.36
90,101,8.330000000050305,-2.4700000001614626,bondoukou,ci,70.57,56,98,3.76,8.04
91,102,46.770000000069956,-111.97000000006187,helena,us,33.8,1,47,8.12,46.59
92,103,7.270000000049762,-89.6200000000822,santa cruz,cr,91.4,20,36,14.99,10.26
93,106,20.690000000056628,112.47999999973399,yangjiang,cn,67.65,92,95,3.65,21.85
94,107,22.190000000057395,65.83999999977641,keti bandar,pk,75.48,0,96,9.24,24.14
95,108,30.00000000006139,115.77999999973099,wuxue,cn,47.44,92,100,9.8,29.85
96,109,52.34000000007282,-119.77000000005478,chase,ca,39.2,75,64,13.87,50.82
97,110,35.40000000006415,-78.28000000009251,smithfield,us,57.36,1,52,3.42,41.92
98,111,34.03000000006345,-6.180000000158088,kenitra,ma,60.8,40,82,20.8,34.26
99,113,0.2700000000461813,1.5399999998348903,mumford,gh,79.62,0,82,7.45,5.26
100,114,58.46000000007595,83.58999999976027,kolpashevo,ru,-20.2,0,58,5.77,58.31
101,115,55.17000000007425,66.27999999977601,lebyazhye,ru,5,0,84,2.24,59.96
102,116,41.410000000067214,-93.31000000007884,indianola,us,48.2,1,29,10.29,40.24
103,117,49.98000000007161,-124.01000000005092,powell river,ca,43.32,75,65,13.87,49.84
104,118,53.760000000073546,-128.70000000004666,kitimat,ca,33.8,90,64,17.22,54.02
105,119,40.34000000006668,-95.52000000007683,maryville,us,49.53,1,29,13.87,40.35
106,120,36.500000000064716,-115.80000000005839,pahrump,us,56.91,1,25,16.11,36.21
107,121,22.410000000057508,-86.84000000008473,isla mujeres,mx,82.4,40,61,17.22,21.23
108,123,-11.279999999959728,-62.09000000010724,presidente medici,br,89.83,0,65,2.3,-11.18
109,127,16.460000000054464,-92.13000000007992,las margaritas,mx,83.17,0,36,0.18,16.32
110,129,64.33000000007894,123.26999999972418,kysyl-syr,ru,-24.2,24,36,2.98,63.9
111,130,-44.819999999976886,-67.09000000010269,comodoro rivadavia,ar,73.4,0,35,16.11,-45.87
112,131,35.600000000064256,-7.840000000156579,faro,pt,57.2,20,76,19.46,37.02
113,132,10.110000000051215,-84.10000000008722,cinco esquinas,cr,81.41,20,42,11.41,9.95
114,133,31.70000000006226,-106.18000000006714,socorro,us,55.29,1,28,6.93,31.65
115,135,48.420000000070814,-78.65000000009218,macamic,ca,32,20,78,10.29,48.75
116,136,-9.559999999958848,36.509999999803085,malinyi,tz,70.12,92,99,2.42,-8.94
117,137,25.770000000059227,-100.75000000007208,garcia,mx,66.52,0,45,7.56,30.64
118,138,23.720000000058178,101.60999999974388,simao,cn,51.94,0,84,3.65,22.76
119,139,32.01000000006242,-8.040000000156397,marrakesh,ma,55.9,0,70,12.82,31.63
120,140,-33.18999999997094,18.729999999819256,malmesbury,za,71.6,0,56,17.22,-33.46
121,142,25.870000000059278,-84.92000000008647,venice,us,80.82,1,78,11.41,27.1
122,143,35.8800000000644,16.729999999821075,pachino,it,64.4,92,52,5.82,36.72
123,144,56.66000000007503,31.409999999807724,toropets,ru,6.67,56,79,14.16,56.5
124,145,-30.92999999996978,145.14999999970428,griffith,au,57.75,20,84,3.42,-34.29
125,146,56.200000000074795,14.529999999823076,karlshamn,se,22.15,75,85,13.87,56.17
126,147,9.040000000050668,121.30999999972596,alim,ph,78.9,0,100,9.91,9.56
127,148,37.770000000065366,-115.04000000005908,sunrise manor,us,60.42,1,25,16.11,36.21
128,149,26.48000000005959,82.13999999976159,bikapur,in,67.47,0,66,3.31,26.66
129,150,-19.29999999996383,-41.76000000012573,conselheiro pena,br,87.9,64,48,3.2,-19.17
130,151,18.110000000055308,-77.38000000009333,mandeville,jm,84.2,20,66,17.22,18.04
131,152,0.13000000004610968,133.52999999971485,manokwari,id,81.1,68,100,2.08,-0.87
132,153,-27.36999999996796,-43.2200000001244,ilhabela,br,78.94,20,100,10.47,-23.78
133,154,33.900000000063386,49.92999999979088,khomeyn,ir,22.15,0,81,3.65,33.64
134,155,6.7600000000495015,6.919999999829997,idah,ng,81.06,20,73,5.44,7.11
135,156,-18.489999999963416,29.189999999809743,kadoma,zw,65.44,88,97,3.98,-18.34
136,157,49.400000000071316,-71.23000000009893,saint-ambroise,ca,28.99,90,74,9.17,48.56
137,158,60.33000000007689,128.02999999971985,mokhsogollokh,ru,-22.27,48,63,2.64,61.4
138,159,43.390000000068255,-7.440000000156942,foz,es,49.33,92,100,25.34,43.57
139,160,38.29000000006562,-25.340000000140662,rabo de peixe,pt,50,40,87,6.93,37.8
140,161,34.83000000006386,-129.0900000000463,half moon bay,us,53.62,90,87,14.99,37.46
141,163,2.240000000047189,-15.610000000149512,mattru,sl,80.61,32,55,6.11,7.62
142,164,-8.249999999958177,-85.30000000008613,sechura,pe,82.23,0,63,14.83,-5.56
143,165,-42.83999999997587,141.58999999970752,portland,au,56.98,64,89,3.31,-33.35
144,166,66.5600000000801,32.14999999980705,zelenoborskiy,ru,10.63,48,67,2.19,66.84
145,168,-15.919999999962101,32.26999999980694,mount darwin,zw,68.55,92,96,3.98,-16.77
146,169,45.990000000069585,-3.3100000001606986,la baule-escoublac,fr,44.6,92,87,19.46,47.28
147,170,7.160000000049706,0.19999999983610905,kpandu,gh,77.59,8,85,3.65,7
148,171,13.07000000005273,14.609999999823003,massaguet,td,89.6,0,11,6.93,12.48
149,172,45.120000000069126,45.08999999979528,zaterechnyy,ru,31.47,92,96,9.46,44.8
150,173,-3.6099999999558037,105.2099999997406,palembang,id,74.4,76,97,2.75,-2.99
151,174,43.60000000006835,-64.51000000010504,liverpool,ca,40.24,76,91,9.13,44.04
152,176,38.120000000065545,68.98999999977354,yovon,tj,53.6,90,76,6.71,38.32
153,177,40.640000000066834,68.05999999977439,gagarin,uz,44.25,100,100,7.78,40.66
154,178,14.720000000053574,9.639999999827523,tanout,ne,71.38,0,18,7.9,14.97
155,179,34.37000000006363,134.36999999971408,shido,jp,39.97,0,79,12.48,34.32
156,180,-2.8199999999553995,163.059999999688,buala,sb,80.74,56,97,7.56,-8.15
157,182,16.320000000054392,-77.05000000009363,may pen,jm,84.2,20,70,18.34,17.97
158,183,-4.849999999956438,128.7299999997192,ambon,id,75.97,88,100,2.75,-3.7
159,184,-5.389999999956714,33.79999999980555,mgandu,tz,61.03,92,92,2.98,-5.96
160,185,13.380000000052888,-86.39000000008514,condega,ni,75.2,40,57,9.17,13.36
161,187,41.500000000067274,-109.26000000006434,rock springs,us,35.6,1,47,3.36,41.59
162,188,41.06000000006705,-3.460000000160562,algete,es,47.39,75,70,21.92,40.6
163,189,64.69000000007912,38.939999999800875,severodvinsk,ru,17.6,90,92,4.47,64.56
164,190,50.49000000007186,6.639999999830252,kall,de,27.79,40,33,24.16,50.54
165,191,17.160000000054822,66.86999999977547,mangrol,in,63.73,0,74,5.44,25.33
166,192,-13.109999999960664,-150.18000000002712,fare,pf,82.5,68,97,16.17,-16.7
167,193,-37.16999999997297,-61.30000000010796,olavarria,ar,85.78,20,45,3.76,-36.89
168,194,61.290000000077384,27.009999999811726,valkeala,fi,3.2,0,65,1.12,60.94
169,195,-5.129999999956581,31.899999999807278,kaliua,tz,65.4,92,93,2.08,-5.06
170,196,-32.42999999997055,161.10999999968976,port macquarie,au,64.4,100,88,5.82,-31.43
171,197,-1.3399999999546424,118.09999999972888,loa janan,id,72.51,48,100,2.42,-0.58
172,198,53.29000000007329,105.89999999973998,bayanday,ru,-5.21,76,75,2.98,53.07
173,199,39.070000000066045,28.029999999810798,akhisar,tr,29.22,12,87,2.08,38.92
174,200,15.150000000053794,43.07999999979711,bajil,ye,71.02,32,93,3.42,15.06
175,201,17.53000000005501,132.23999999971602,alugan,ph,77.05,64,100,5.44,12.22
176,202,9.580000000050944,-82.46000000008871,changuinola,pa,72.55,88,100,2.75,9.44
177,203,21.83000000005721,-63.030000000106384,the valley,ai,79.66,20,57,10.29,18.22
178,204,-8.50999999995831,-72.3600000000979,porto walter,br,83.53,64,78,2.75,-8.27
179,205,23.80000000005822,132.53999999971575,gushikawa,jp,56.21,1,87,5.82,26.35
180,206,21.28000000005693,7.489999999829479,arlit,ne,70.35,0,22,5.88,18.74
181,207,-10.779999999959472,-25.510000000140508,olinda,br,84.79,0,66,14.99,-22.82
182,208,61.0700000000773,28.16999999981067,lappeenranta,fi,-2.21,0,84,1.12,61.06
183,211,47.8000000000705,-72.07000000009816,desbiens,ca,28.4,90,79,9.17,48.42
184,212,-40.279999999974564,174.9299999996772,wanganui,nz,68.23,92,88,6.78,-39.93
185,213,5.920000000049072,116.0999999997307,putatan,my,77,75,88,1.74,5.88
186,215,40.07000000006656,-105.86000000006743,boulder,us,46.99,1,39,4.7,40.02
187,216,65.9800000000798,12.79999999982465,sandnessjoen,no,15.76,0,57,12.75,66.02
188,217,40.26000000006664,36.96999999980267,niksar,tr,27.19,68,95,2.19,40.59
189,218,42.370000000067705,-104.31000000006884,torrington,us,51.8,1,29,17.22,42.06
190,219,23.49000000005806,93.96999999975083,mawlaik,mm,60.94,0,82,1.97,23.63
191,220,53.05000000007317,87.00999999975716,mundybash,ru,3.88,48,61,10.36,53.21
192,221,16.390000000054428,-101.46000000007143,petatlan,mx,86,5,62,11.41,17.52
193,222,57.5500000000755,91.42999999975314,rassvet,ru,8.43,76,74,10.58,49.11
194,223,-4.009999999956008,129.52999999971848,amahai,id,75.88,92,100,4.76,-3.31
195,224,18.400000000055456,-3.6200000001604167,araouane,ml,79.53,0,36,2.75,18.9
196,225,38.73000000006584,146.13999999970338,yamada,jp,41,75,48,20.8,36.58
197,226,15.410000000053927,95.4299999997495,bogale,mm,70.57,56,100,8.46,16.29
198,227,12.19000000005228,78.55999999976484,harur,in,58.33,0,80,1.97,12.06
199,228,33.18000000006302,130.9299999997172,hita,jp,41.74,0,77,1.12,33.31
200,229,-21.48999999996495,18.419999999819538,gobabis,na,77,24,53,2.24,-22.45
201,230,36.2700000000646,30.129999999808888,kumluca,tr,26.47,8,85,1.63,36.37
202,231,6.380000000049307,76.37999999976682,manavalakurichi,in,82.4,20,78,3.36,8.13
203,232,35.100000000064,78.00999999976534,leh,in,10.09,88,88,1.52,34.16
204,233,69.38000000008154,87.79999999975644,kayerkan,ru,-6.83,68,73,28.81,69.35
205,234,-7.379999999957732,40.18999999979974,kilindoni,tz,78.58,80,100,12.26,-7.91
206,235,-6.249999999957154,-30.560000000135915,cabedelo,br,80.6,75,74,6.93,-6.97
207,236,38.71000000006586,65.60999999977662,koson,uz,50,75,93,4.7,39.04
208,237,69.6700000000817,4.509999999832189,bud,no,20.62,0,44,10.29,62.91
209,238,64.63000000007912,-16.16000000014901,hofn,is,32,40,100,27.51,64.25
210,239,24.360000000058506,84.5399999997594,sherghati,in,64.27,8,70,5.21,24.57
211,241,64.54000000007906,80.2599999997633,urengoy,ru,-6.56,44,58,10.13,65.96
212,242,9.020000000050658,33.66999999980567,gambela,et,62.52,0,70,0.29,8.25
213,243,10.930000000051635,-59.66000000010945,scarborough,tt,75.2,75,88,5.82,11.18
214,244,-24.88999999996669,-56.39000000011242,yataity del norte,py,75.12,88,100,2.98,-24.85
215,245,3.6300000000479002,-5.470000000158734,sassandra,ci,79.84,8,96,5.1,4.95
216,246,23.08000000005785,80.07999999976346,barela,in,65.53,0,58,2.98,23.1
217,247,8.79000000005054,-73.92000000009648,tamalameque,co,93.3,0,41,2.3,8.86
218,248,-24.779999999966634,23.339999999815063,khakhea,bw,72.82,44,42,8.23,-24.69
219,249,10.320000000051323,83.67999999976018,trincomalee,lk,74.8,0,92,5.55,8.58
220,251,-8.139999999958121,-67.16000000010263,pauini,br,95.55,8,41,4.09,-7.71
221,253,53.610000000073455,71.1299999997716,stepnyak,kz,-4.54,0,78,10.69,52.83
222,254,18.27000000005539,10.679999999826578,bilma,ne,63.73,0,31,2.75,18.69
223,255,65.86000000007974,33.759999999805586,loukhi,ru,8.83,20,73,2.19,66.08
224,256,63.25000000007839,25.129999999813435,nivala,fi,10.27,88,82,2.64,63.93
225,257,-11.0299999999596,155.16999999969516,gizo,sb,82.5,88,100,5.99,-8.1
226,258,51.980000000072636,160.65999999969017,petropavlovsk-kamchatskiy,ru,8.6,0,65,6.71,53.05
227,259,70.33000000008201,47.0499999997935,mezen,ru,11.13,8,72,4.99,65.85
228,262,48.550000000070895,112.78999999973371,kyra,ru,1,0,79,6.44,49.58
229,263,51.770000000072514,143.9199999997054,katangli,ru,20.35,92,95,16.84,51.71
230,264,9.110000000050704,-108.04000000006545,coahuayana,mx,87.4,0,24,2.98,18.62
231,265,39.41000000006619,-109.40000000006421,redlands,us,56.77,1,44,3.36,34.06
232,266,-4.1999999999561055,114.61999999973204,martapura,id,76.11,92,100,2.19,-3.41
233,267,29.240000000061002,-92.69000000007941,abbeville,us,72.1,75,69,14.99,29.97
234,268,-6.579999999957323,13.35999999982414,matadi,cd,74.44,24,96,3.2,-5.83
235,269,-5.799999999956924,-76.37000000009425,yurimaguas,pe,82.77,68,77,2.53,-5.9
236,271,0.6400000000463706,71.76999999977102,thinadhoo,mv,83.35,92,100,12.26,0.53
237,272,16.710000000054592,36.939999999802694,wagar,sd,66.75,0,14,10.58,16.15
238,273,-10.549999999959354,27.229999999811525,likasi,cd,63.64,76,100,3.65,-10.99
239,274,49.67000000007147,47.779999999792835,savinka,ru,0.33,12,76,14.27,50.08
240,276,34.28000000006358,-123.46000000005142,monterey,us,55.87,90,99,17.22,36.6
241,278,-6.069999999957062,151.00999999969895,kimbe,pg,78.27,88,100,1.07,-5.56
242,279,-0.4099999999541666,24.599999999813917,kisangani,cd,71.29,44,100,3.2,0.52
243,280,-13.929999999961083,31.34999999980778,petauke,zm,67.02,100,98,1.86,-14.25
244,281,40.11000000006658,145.03999999970438,kushiro,jp,30.93,80,86,17.52,43.11
245,282,26.310000000059503,61.039999999780775,iranshahr,ir,66.2,75,68,2.64,27.21
246,283,31.220000000062015,37.719999999801985,turayf,sa,57.2,0,50,2.24,31.68
247,284,11.4500000000519,-3.0100000001609715,dano,bf,83.4,44,29,7.34,11.14
248,286,29.230000000060997,-78.37000000009243,cape canaveral,us,86.38,1,45,14.99,28.41
249,287,69.0700000000814,30.739999999808333,zapolyarnyy,ru,23,75,92,5.82,69.43
250,288,58.40000000007592,170.33999999968137,tilichiki,ru,10.95,12,76,11.7,60.47
251,289,12.900000000052643,104.37999999974136,kampong thum,kh,76.87,8,88,8.57,12.71
252,290,53.98000000007366,111.9199999997345,sosnovo-ozerskoye,ru,-14.8,0,39,5.44,52.53
253,291,53.35000000007335,-66.56000000010317,sept-iles,ca,30.2,75,74,23.04,50.2
254,292,66.0100000000798,54.57999999978665,izhma,ru,20.08,68,70,8.01,65.01
255,293,-26.499999999967514,31.389999999807742,manzini,sz,64.4,0,93,1.12,-26.5
256,294,14.940000000053686,25.08999999981347,kutum,sd,69.22,0,25,10.69,14.2
257,295,-1.4099999999546782,-64.19000000010533,maraa,br,96.27,12,43,4.76,-1.83
258,296,59.3100000000764,158.46999999969216,palana,ru,16.12,68,75,10.92,59.08
259,297,36.710000000064824,116.77999999973008,changqing,cn,41,92,86,8.95,31.81
260,298,16.51000000005449,84.979999999759,yarada,in,79.75,0,100,7.45,17.65
261,299,13.680000000053042,-21.720000000143955,vila do maio,cv,69.8,20,73,16.11,15.13
262,300,-18.229999999963283,33.32999999980598,manica,mz,71.6,75,94,6.93,-18.94
263,301,57.33000000007536,134.30999999971414,chumikan,ru,-11.15,32,73,2.53,54.72
264,302,73.0500000000834,140.75999999970827,deputatskiy,ru,-18.26,80,49,3.87,69.3
265,303,48.0000000000706,2.189999999834299,pithiviers,fr,34.39,68,84,16.11,48.17
266,304,-0.15999999995403869,43.29999999979691,jamame,so,78.27,8,86,8.46,0.07
267,305,17.400000000054945,100.56999999974482,nakhon thai,th,63.73,8,93,1.97,17.1
268,306,43.86000000006848,-111.33000000006246,rexburg,us,32,90,71,6.93,43.82
269,307,31.670000000062245,-107.9800000000655,puerto palomas,mx,55.4,1,26,12.75,31.77
270,309,67.95000000008082,30.009999999808997,kovdor,ru,21.21,92,95,4.21,67.56
271,310,-9.589999999958863,108.1799999997379,kawalu,id,67.33,64,98,1.97,-7.38
272,311,12.550000000052464,16.179999999821575,massakory,td,78.49,0,22,10.36,13
273,313,-22.14999999996529,169.7499999996819,tadine,nc,80.74,68,99,2.98,-21.55
274,314,-22.689999999965565,-37.740000000129385,guarapari,br,87.8,40,58,18.34,-20.67
275,315,20.87000000005672,-73.94000000009646,baracoa,cu,76.78,0,100,8.01,20.35
276,316,3.0500000000476035,-13.920000000151049,robertsport,lr,76.69,32,100,7.23,6.75
277,317,-17.269999999962792,44.4099999997959,tsiroanomandidy,mg,63.78,80,100,2.75,-18.77
278,318,-6.3399999999572,-75.90000000009468,chazuta,pe,87.8,75,58,9.17,-6.57
279,319,58.58000000007601,54.68999999978655,siva,ru,1.32,48,71,7,56.42
280,320,35.110000000064005,40.599999999799365,abu kamal,sy,48.43,12,67,3.09,34.45
281,322,57.040000000075224,-76.67000000009398,moose factory,ca,10.4,1,85,9.17,51.26
282,323,-29.019999999968803,-70.67000000009944,vallenar,cl,71.65,0,60,2.64,-28.58
283,324,27.4800000000601,77.79999999976553,baldeo,in,69.81,32,52,2.75,27.42
284,325,61.35000000007744,124.07999999972344,berdigestyakh,ru,-20.15,48,57,2.98,62.1
285,326,26.19000000005944,55.04999999978622,bandar-e lengeh,ir,70.17,80,100,9.01,26.56
286,327,39.890000000066436,23.08999999981529,skala fourkas,gr,39.2,40,55,4.7,40
287,328,2.9800000000475677,-82.84000000008837,muisne,ec,75.07,100,96,3.31,0.61
288,329,29.86000000006132,-104.20000000006894,ojinaga,mx,65.67,0,16,3.31,29.57
289,330,62.87000000007822,73.59999999976935,muravlenko,ru,0.51,44,73,11.7,63.79
290,331,39.54000000006627,15.869999999821857,cetraro,it,50.5,92,91,8.01,39.52
291,332,32.38000000006261,138.68999999971015,oyama,jp,44.6,20,30,18.34,36.31
292,333,38.200000000065586,-63.96000000010554,shelburne,ca,37.38,1,64,10.29,44.08
293,334,57.72000000007557,66.64999999977567,nizhnyaya tavda,ru,11.13,64,78,9.69,57.67
294,335,67.72000000008069,7.579999999829397,sistranda,no,24.8,0,53,18.34,63.73
295,336,28.53000000006064,47.91999999979271,bayan,kw,66.2,8,77,4.7,29.3
296,337,11.8400000000521,-71.8100000000984,uribia,co,88.98,0,40,15.39,11.71
297,338,55.480000000074426,34.23999999980515,novodugino,ru,6.49,80,79,11.36,55.63
298,339,36.23000000006458,1.3399999998350722,sidi ali,dz,60.04,80,70,16.28,36.1
299,340,40.30000000006666,-92.08000000007996,kirksville,us,50.07,0,39,16.11,40.19
300,341,28.75000000006075,-84.28000000008706,tarpon springs,us,81.12,40,69,19.46,28.15
301,342,13.640000000053021,-19.9100000001456,dakar,sn,66.79,0,92,20.31,14.69
302,343,-13.759999999960996,22.73999999981561,zambezi,zm,66.57,92,97,6.22,-13.55
303,344,40.93000000006697,140.70999999970832,namioka,jp,32.55,88,100,28.14,40.71
304,346,61.71000000007763,61.699999999780175,pelym,ru,11.85,0,81,7.11,61.01
305,347,-1.2399999999545912,109.11999999973705,pontianak,id,77.59,80,100,2.42,-0.02
306,348,49.52000000007138,-98.26000000007434,carman,ca,36.79,20,51,5.82,49.51
307,349,0.500000000046299,143.85999999970545,aitape,pg,77.77,0,100,3.87,-3.15
308,350,27.680000000060204,27.94999999981087,matay,eg,56.4,0,55,4.43,28.42
309,351,6.370000000049302,46.64999999979386,hobyo,so,78.72,92,85,9.46,5.35
310,352,39.43000000006623,-76.17000000009443,aberdeen,us,45.86,90,75,10.29,46.98
311,353,10.790000000051563,-79.19000000009169,tubuala,pa,87.8,40,45,10.29,9.52
312,354,52.63000000007298,81.49999999976217,mamontovo,ru,0.06,48,74,13.27,52.71
313,355,-32.41999999997054,-75.92000000009466,valparaiso,cl,66.29,20,73,11.41,-33.04
314,356,65.87000000007976,91.94999999975266,svetlogorsk,ru,6.8,0,60,13.42,53.14
315,357,33.20000000006303,11.539999999825795,bin qirdan,tn,75.57,0,35,18.07,33.14
316,358,29.92000000006135,55.99999999978536,rafsanjan,ir,34.98,20,65,3.42,30.4
317,359,56.190000000074804,-0.16000000016356353,whitley bay,gb,32.61,75,100,20.8,55.04
318,360,-0.7399999999543354,80.95999999976266,matara,lk,76.2,0,100,6.78,5.95
319,361,-7.809999999957952,-37.71000000012941,afogados da ingazeira,br,69.81,48,95,3.2,-7.75
320,362,65.64000000007962,62.589999999779366,muzhi,ru,2.44,0,67,12.26,65.4
321,363,31.190000000062,83.63999999976022,jumla,np,25.53,44,95,2.08,29.28
322,364,31.390000000062102,53.959999999787215,taft,ir,53.6,20,50,2.53,31.75
323,365,43.56000000006833,34.86999999980458,partenit,ua,33.36,44,100,8.23,44.58
324,368,15.380000000053911,-64.2200000001053,charlestown,kn,80.56,20,54,13.87,17.13
325,369,60.00000000007674,91.75999999975284,teya,ru,-21.41,24,59,2.53,60.37
326,370,54.540000000073945,65.88999999977636,polovinnoye,ru,10.05,56,81,11.36,54.79
327,371,45.37000000006924,126.49999999972124,shuangcheng,cn,-0.41,0,64,8.95,45.37
328,372,49.46000000007135,95.47999999974945,erzin,ru,8.74,68,94,2.98,50.26
329,373,-4.859999999956443,37.79999999980191,makuyuni,tz,65.31,48,97,2.08,-5.02
330,374,15.830000000054142,119.75999999972737,eguia,ph,75.97,0,100,4.99,15.91
331,375,-9.79999999995897,102.47999999974309,labuhan,id,72.6,92,96,1.97,-2.54
332,376,39.70000000006635,148.44999999970128,nemuro,jp,36.6,92,91,33.4,43.32
333,377,41.21000000006711,-87.52000000008411,cedar lake,us,40.35,90,86,20.8,41.36
334,379,-6.839999999957456,-68.83000000010111,eirunepe,br,85.83,0,79,2.75,-6.66
335,380,30.66000000006173,-29.090000000137252,ponta delgada,pt,50,40,87,6.93,37.73
336,381,19.510000000056024,119.33999999972775,davila,ph,77.5,0,99,8.57,18.47
337,382,32.490000000062665,19.299999999818738,benghazi,ly,64.54,0,92,18.07,32.12
338,384,52.20000000007275,23.139999999815245,biala podlaska,pl,3.52,36,82,2.98,52.03
339,385,44.73000000006891,32.209999999806996,zaozerne,ua,-0.8,36,78,2.75,51.37
340,386,3.8900000000480333,101.92999999974359,raub,my,70.35,68,94,2.08,3.79
341,387,12.400000000052387,-86.83000000008474,leon,ni,93.2,20,36,6.93,12.44
342,388,-1.4499999999546986,7.729999999829261,port-gentil,ga,78.8,75,88,6.93,-0.72
343,389,66.30000000007996,-51.890000000116515,maniitsoq,gl,30.97,92,68,7.56,65.42
344,390,26.15000000005942,-93.10000000007904,galveston,us,39.96,75,100,16.11,40.58
345,392,32.66000000006275,103.7899999997419,jiangyou,cn,47.22,68,84,2.42,31.78
346,393,13.020000000052704,-80.20000000009077,san andres,co,87.8,20,62,17.22,8.22
347,395,36.94000000006494,112.08999999973435,jiexiu,cn,30.03,64,80,5.77,37.02
348,396,-24.169999999966322,124.08999999972343,broome,au,80.6,40,88,4.7,-17.97
349,397,-25.779999999967146,31.439999999807696,bulembu,sz,66.2,0,77,14.99,-25.95
350,398,39.75000000006639,-86.1000000000854,beech grove,us,45.7,90,81,23.04,39.72
351,399,4.840000000048519,109.51999999973668,kuching,my,77,75,94,3.87,1.56
352,400,26.410000000059554,90.08999999975435,sapatgram,in,63.6,80,99,3.53,26.35
353,401,56.430000000074926,-105.5700000000677,la ronge,ca,12.2,5,61,9.17,55.1
354,402,42.74000000006791,21.839999999816428,vucje,rs,30.2,75,80,11.41,42.87
355,403,10.800000000051568,49.14999999979159,bosaso,so,74.35,0,100,1.41,11.28
356,404,-41.649999999975265,-47.63000000012039,rocha,uy,78.9,12,59,7,-34.48
357,405,36.6600000000648,61.93999999977996,sarakhs,ir,51.8,92,99,2.24,36.54
358,406,37.80000000006538,68.91999999977361,kirovskiy,tj,50.01,92,97,4.09,37.82
359,407,37.41000000006518,12.439999999824977,mazara del vallo,it,62.6,75,67,26.4,37.65
360,408,55.27000000007433,70.30999999977234,sladkovo,ru,6.49,80,79,11.48,55.53
361,409,46.790000000069995,25.549999999813053,ditrau,ro,-5.71,12,63,1.19,46.82
362,410,56.58000000007499,75.47999999976764,muromtsevo,ru,-2.33,76,72,11.48,56.37
363,411,-14.199999999961221,34.27999999980511,dedza,mw,63.82,92,99,2.08,-14.38
364,413,61.56000000007754,61.05999999978076,ous,ru,11.85,0,81,7.11,60.91
365,414,18.78000000005565,100.77999999974463,nan,th,65.58,20,87,2.42,18.78
366,416,30.27000000006153,132.29999999971596,kushima,jp,44.6,20,65,5.82,31.5
367,417,2.4400000000472915,103.24999999974239,labis,my,72.78,0,96,2.86,2.38
368,418,2.040000000047087,-75.31000000009522,puerto rico,co,87.27,32,47,6.33,2.94
369,419,-1.5199999999547344,-44.41000000012332,cururupu,br,81.82,88,79,5.77,-1.82
370,420,57.48000000007545,36.619999999802985,bezhetsk,ru,-1.3,24,81,8.79,57.78
371,421,-34.319999999971515,-55.93000000011284,florida,uy,80.97,56,60,6.33,-34.1
372,422,-11.509999999959845,3.4399999998331623,namibe,ao,74.53,0,100,8.68,-15.19
373,423,16.850000000054663,58.86999999978275,salalah,om,75.2,20,73,4.7,17.01
374,424,-5.679999999956863,15.249999999822421,mbanza-ngungu,cd,74.62,48,71,5.66,-5.25
375,426,38.5900000000658,-55.50000000011323,saint-pierre,pm,37.4,0,64,11.41,46.77
376,427,67.7100000000807,18.87999999981912,setermoen,no,30.2,75,68,5.82,68.86
377,428,7.340000000049798,131.0399999997171,kloulklubed,pw,78.8,40,83,8.05,7.04
378,429,-2.3099999999551386,-64.83000000010475,uarini,br,93.2,40,52,8.05,-2.98
379,430,-10.61999999995939,21.95999999981632,luau,ao,69.63,64,88,5.21,-10.71
380,432,-12.089999999960142,23.349999999815054,mwinilunga,zm,63.55,92,100,2.75,-11.73
381,433,59.94000000007671,24.379999999814117,kirkkonummi,fi,-5.81,0,83,3.36,60.12
382,434,-32.089999999970374,-55.420000000113305,tacuarembo,uy,83.62,36,56,5.44,-31.73
383,435,57.74000000007558,-134.35000000004152,juneau,us,31.41,40,39,8.05,58.3
384,437,58.32000000007588,-3.680000000160362,helmsdale,gb,30.2,75,74,27.51,58.12
385,438,62.380000000077956,106.92999999973904,yerbogachen,ru,-18.53,32,52,2.64,61.28
386,439,38.850000000065904,52.529999999788515,balkanabat,tm,44.38,36,90,5.66,39.51
387,440,0.8600000000464831,-78.39000000009241,el angel,ec,64.35,75,48,9.17,0.62
388,441,44.150000000068644,97.90999999974724,hovd,mn,21.34,0,58,10.8,48.01
389,442,52.39000000007286,23.0799999998153,siemiatycze,pl,5.23,32,75,3.98,52.43
390,443,14.760000000053594,71.77999999977101,candolim,in,71.7,0,100,5.99,15.52
391,444,48.31000000007077,134.3599999997141,nikolayevka,ru,25.62,0,91,8.46,46.73
392,445,8.75000000005052,99.4999999997458,wiang sa,th,71.29,12,95,1.74,8.64
393,447,40.27000000006666,-76.93000000009374,harrisburg,us,52.7,90,76,5.82,40.27
394,449,10.050000000051185,1.8399999998346175,djougou,bj,74.35,0,36,3.42,9.71
395,450,11.710000000052034,29.109999999809816,abu zabad,sd,73.09,0,21,11.48,12.35
396,451,41.570000000067296,-24.98000000014099,praia da vitoria,pt,51.8,40,71,12.37,38.73
397,452,-2.689999999955333,-59.070000000109985,itacoatiara,br,86,20,79,6.93,-3.14
398,454,13.340000000052868,32.12999999980707,tandalti,sd,76.78,0,16,13.71,13.01
399,455,14.520000000053471,79.90999999976361,kovur,in,61.53,0,82,2.64,14.5
400,456,33.290000000063074,76.88999999976636,chamba,in,43.48,76,78,2.3,32.56
401,457,-4.61999999995632,-59.500000000109594,borba,br,86.68,12,71,3.2,-4.39
402,458,42.86000000006797,123.66999999972381,changtu,cn,-3.64,36,51,3.87,42.78
403,459,20.710000000056638,74.5399999997685,malegaon,in,73.9,44,39,5.99,20.56
404,460,22.420000000057513,73.84999999976912,shivrajpur,in,66.25,8,81,2.75,22.42
405,461,30.88000000006184,-105.77000000006751,praxedis guerrero,mx,55.27,1,28,6.93,31.37
406,462,-2.85999999995542,100.27999999974509,sungaipenuh,id,65.4,36,96,1.19,-2.08
407,463,52.17000000007272,-0.8100000001629724,northampton,gb,27.66,90,68,19.46,52.24
408,464,39.990000000066516,-95.5600000000768,atchison,us,52.18,1,29,13.87,39.56
409,465,-22.609999999965524,166.50999999968485,mont-dore,nc,73.4,0,88,2.42,-22.23
410,466,-1.7999999999548777,99.51999999974578,padang,id,81.73,68,100,2.75,-0.92
411,467,-14.439999999961344,30.769999999808306,nyimba,zm,67.6,92,99,3.09,-14.56
412,468,-41.339999999975106,147.2199999997024,launceston,au,57.2,90,87,2.86,-41.43
413,470,63.49000000007851,-52.97000000011553,nuuk,gl,35.6,90,74,1.12,64.17
414,471,7.850000000050059,71.24999999977149,dhidhdhoo,mv,83.13,32,100,9.46,6.88
415,472,-37.54999999997317,-45.260000000122545,rio grande,br,84.2,40,62,10.29,-32.03
416,473,43.970000000068524,130.8399999997173,dongning,cn,14.23,0,49,12.26,44.06
417,474,-7.759999999957927,27.26999999981149,manono,cd,68.01,24,98,4.76,-7.3
418,476,57.39000000007542,12.319999999825086,kungsbacka,se,15.8,75,85,11.41,57.49
419,477,68.56000000008112,43.81999999979644,kamenka,ru,-2.92,0,74,8.79,53.19
420,479,39.820000000066415,84.989999999759,korla,cn,24.13,36,70,2.64,41.76
421,480,39.68000000006634,115.37999999973135,fangshan,cn,30.2,0,39,6.71,39.75
422,481,-7.619999999957855,36.89999999980273,kidodi,tz,72.42,92,98,2.42,-7.6
423,482,21.720000000057155,117.57999999972935,haimen,cn,40.69,92,100,12.71,31.87
424,483,59.18000000007632,97.27999999974782,boguchany,ru,-17.68,0,50,4.43,58.38
425,485,-33.149999999970916,-65.7600000001039,san luis,ar,87.4,48,34,6.44,-33.3
426,486,45.840000000069494,124.7799999997228,zhaoyuan,cn,-5.44,48,55,2.98,45.52
427,487,33.32000000006309,137.57999999971116,toba,jp,42.8,75,60,19.46,34.47
428,488,65.47000000007955,113.84999999973274,udachnyy,ru,-30.1,0,47,4.32,66.42
429,489,65.31000000007947,59.20999999978244,synya,ru,11.4,64,83,4.21,65.37
430,490,-13.999999999961119,35.41999999980408,mangochi,mw,70.35,92,100,3.53,-14.48
431,491,56.78000000007509,22.18999999981611,skrunda,lv,19.4,92,85,13.87,56.68
432,492,-22.40999999996542,11.209999999826096,henties bay,na,61.8,0,100,4.54,-22.12
433,493,12.030000000052198,-91.41000000008057,san jose,gt,92.4,0,43,3.98,16.98
434,494,6.160000000049195,-108.17000000006533,lazaro cardenas,mx,57.2,40,22,4.7,28.39
435,495,50.95000000007212,-68.24000000010165,port-cartier,ca,30.2,90,74,14.99,50.03
436,496,4.680000000048437,-1.0100000001627905,cape coast,gh,78.94,8,72,5.1,5.11
437,497,34.55000000006372,57.20999999978426,tabas,ir,42.22,0,81,3.42,33.6
438,498,-21.30999999996486,-48.64000000011947,monte alto,br,82.63,20,81,2.3,-21.27
439,499,0.6000000000463501,-83.85000000008745,manta,ec,86,40,74,10.29,-0.95
440,500,-18.979999999963667,43.689999999796555,morondava,mg,76.6,32,100,5.21,-20.3
441,502,10.210000000051267,-45.12000000012267,cayenne,gf,82.4,75,74,10.29,4.94
442,503,21.30000000005694,36.76999999980285,sawakin,sd,64.23,0,100,7,19.1
443,505,33.01000000006293,116.98999999972989,huaiyuan,cn,35.16,36,100,9.13,32.97
444,507,-2.2999999999551335,40.98999999979901,lamu,ke,79.84,56,96,5.55,-2.27
445,508,11.220000000051783,-9.420000000155142,siguiri,gn,82.32,48,56,6.55,11.42
446,509,10.02000000005117,-95.6700000000767,ocos,gt,90.12,40,55,11.41,14.51
447,510,15.850000000054152,-71.43000000009874,pedernales,do,82.4,20,61,20.8,18.04
448,511,-21.829999999965125,35.23999999980424,beira,mz,78.27,80,89,6.22,-19.84
449,512,11.020000000051681,4.809999999831916,kontagora,ng,80.2,0,46,2.75,10.4
450,513,0.930000000046519,8.549999999828515,cocobeach,ga,82.4,20,69,8.05,1.01
451,514,63.090000000078305,-165.5000000000132,nome,us,72.5,1,56,14.99,30.04
452,515,0.5200000000463092,123.0299999997244,gorontalo,id,72.28,8,96,1.97,0.54
453,516,55.370000000074356,32.15999999980704,dukhovshchina,ru,10.27,92,80,14.27,55.19
454,517,18.140000000055323,118.63999999972839,puro,ph,73.95,80,100,2.75,13.13
455,518,40.33000000006666,122.45999999972491,yingkou,cn,17.16,24,85,13.04,40.67
456,519,-47.5899999999783,-56.850000000112004,viedma,ar,78.13,0,30,7,-40.81
457,520,51.150000000072225,9.909999999827278,sontra,de,21.43,0,52,17.22,51.07
458,522,37.23000000006509,-118.25000000005616,orange cove,us,53.28,90,81,13.87,36.62
459,523,-21.85999999996514,15.099999999822558,usakos,na,65.58,12,68,3.09,-22
460,524,-18.47999999996341,27.769999999811034,sinazongwe,zm,69.81,92,100,2.42,-17.26
461,526,-7.19999999995764,-39.87000000012745,araripe,br,75.34,0,79,2.19,-7.21
462,528,-32.00999999997033,146.6799999997029,parkes,au,61.35,12,81,10.92,-33.14
463,529,27.540000000060132,113.52999999973304,liling,cn,51.8,90,93,11.18,27.65
464,530,51.040000000072155,66.05999999977621,derzhavinsk,kz,-12.91,0,60,3.2,51.1
465,531,3.960000000048069,89.62999999975477,banda aceh,id,72.37,0,99,2.53,5.56
466,532,49.88000000007156,-56.27000000011253,springdale,ca,32.05,92,94,11.81,49.5
467,533,26.180000000059437,67.35999999977503,bhan,pk,68.91,0,62,7.34,26.56
468,534,-26.05999999996729,-49.18000000011898,sao bento do sul,br,82.4,75,78,5.82,-26.25
469,535,42.66000000006787,-4.050000000160026,reinosa,es,50,75,87,35.57,43
470,537,52.56000000007293,49.0299999997917,khvorostyanka,ru,-13.63,0,42,2.98,52.62
471,538,65.4000000000795,45.349999999795045,leshukonskoye,ru,9.96,0,76,4.32,64.9
472,539,35.420000000064164,64.91999999977725,dawlatabad,af,49.38,92,98,8.01,36.41
473,540,7.52000000004989,128.47999999971944,baculin,ph,75.66,32,97,6.33,7.45
474,541,38.32000000006565,-5.900000000158343,azuaga,es,45.82,0,86,18.07,38.26
475,542,48.03000000007063,-65.3200000001043,bonaventure,ca,24.8,90,92,4.7,48.04
476,543,58.96000000007621,24.249999999814236,turba,ee,5,75,84,8.05,59.08
477,544,42.20000000006763,-60.90000000010832,port hawkesbury,ca,33.8,1,74,9.17,45.62
478,545,-24.219999999966348,21.389999999816837,hukuntsi,bw,72.37,8,49,5.99,-23.98
479,546,4.290000000048238,8.999999999828106,idenao,cm,75.3,36,100,4.21,4.25
480,547,8.73000000005051,-104.62000000006856,san jeronimo,mx,75.2,5,14,1.19,29.37
481,548,58.44000000007594,-11.210000000153514,killybegs,ie,34.57,92,100,29.93,54.63
482,549,-0.26999999995409496,-62.040000000107284,barcelos,br,90.96,44,50,4.65,-0.97
483,550,41.70000000006738,-66.68000000010306,yarmouth,ca,46.4,75,81,13.87,43.84
484,551,46.870000000070036,-122.34000000005244,elk plain,us,47.05,75,53,4.54,47.04
485,552,17.76000000005513,130.35999999971773,gigmoto,ph,77.05,44,100,6.11,13.78
486,555,24.500000000058577,-63.75000000010573,road town,vg,75.87,40,65,5.82,18.42
487,556,62.130000000077814,113.88999999973271,mirnyy,ru,1.95,24,69,9.8,56.57
488,557,-18.189999999963263,129.44999999971856,kununurra,au,77,0,94,3.36,-15.77
489,559,15.780000000054116,11.379999999825941,goure,ne,73.68,0,21,9.01,13.98
490,560,26.450000000059575,-18.730000000146674,los llanos de aridane,es,69.8,20,52,5.82,28.66
491,561,67.79000000008074,149.25999999970054,zyryanka,ru,-12.64,56,59,3.42,65.73
492,562,65.29000000007943,26.759999999811953,muhos,fi,15.8,92,85,1.12,64.81
493,563,38.61000000006578,81.39999999976226,aksu,cn,18.73,0,70,0.74,41.12
494,564,11.230000000051788,65.99999999977626,kavaratti,in,84.3,0,100,7,10.57
495,567,48.560000000070886,97.079999999748,kungurtug,ru,18.37,64,73,7.45,50.6
496,568,47.11000000007016,-54.12000000011449,bay roberts,ca,32,90,98,6.93,47.58
497,569,-16.199999999962245,72.12999999977069,quatre cocos,mu,80.6,75,83,10.29,-20.21
498,570,-34.11999999997141,-23.030000000142763,sao joao da barra,br,87.8,20,62,6.93,-21.64
499,571,57.63000000007554,102.27999999974327,ust-ilimsk,ru,-18.85,0,53,2.64,57.96
500,572,-1.1699999999545554,-48.18000000011989,santo antonio do taua,br,80.16,68,85,5.44,-1.15
501,573,-22.489999999965463,27.84999999981096,mogapi,bw,67.15,88,62,6.44,-22.32
502,574,22.49000000005755,72.87999999977,karamsad,in,73.4,0,53,4.76,22.54
503,575,1.3100000000467134,-70.23000000009984,mitu,co,75.57,36,100,3.53,1.2
504,577,65.24000000007942,66.69999999977563,salekhard,ru,-1.16,36,68,10.69,66.54
505,578,41.490000000067255,-120.50000000005411,susanville,us,39.2,90,80,12.75,40.42
506,579,40.22000000006662,47.109999999793445,agdam,az,38.22,92,92,1.07,39.99
507,580,-18.589999999963467,50.44999999979041,toamasina,mg,77,40,94,6.93,-18.17
508,582,8.520000000050402,107.4099999997386,tra vinh,vn,76.24,8,98,5.21,9.93
509,583,42.08000000006757,121.5999999997257,fuxin,cn,6.36,24,71,8.9,42.02
510,585,55.72000000007455,79.0399999997644,ubinskoye,ru,-1.75,56,81,11.48,55.31
511,586,41.03000000006705,120.67999999972653,nanpiao,cn,16.57,56,65,8.46,41.1
512,587,40.680000000066855,28.739999999810152,yakuplu,tr,9.73,0,69,2.08,39.43
513,588,19.750000000056147,-16.760000000148466,nouadhibou,mr,68,20,82,8.05,20.93
514,590,56.57000000007497,32.91999999980635,nelidovo,ru,5.5,68,83,13.82,56.22
515,591,24.25000000005845,-83.77000000008752,bahia honda,cu,85.69,0,49,1.19,22.9
516,592,36.480000000064706,70.82999999977187,jurm,af,24.85,44,99,1.52,36.86
517,593,-11.589999999959886,-45.29000000012252,riachao das neves,br,81.55,12,70,3.65,-11.75
518,594,53.790000000073576,-91.56000000008044,sioux lookout,ca,36.63,20,51,10.29,50.1
519,595,13.400000000052898,120.01999999972713,looc,ph,77,20,88,5.82,10.32
520,596,8.050000000050161,-5.360000000158834,botro,ci,71.74,76,100,7.23,7.85
521,597,16.57000000005452,15.12999999982253,mao,td,77.32,0,17,11.7,14.12
522,598,6.550000000049394,42.579999999797565,ginir,et,61.17,48,89,2.3,7.14
523,599,29.850000000061314,-121.14000000005353,port hueneme,us,58.95,40,55,12.75,34.15
524,600,56.91000000007517,-5.710000000158516,mallaig,gb,34.75,44,100,25.9,57.01
525,601,1.3200000000467185,-73.09000000009723,calamar,co,85.69,76,58,4.88,1.96
526,602,28.370000000060557,32.519999999806714,beni suef,eg,57.88,0,53,5.44,29.07
527,603,52.900000000073106,106.5299999997394,istok,ru,17.6,90,92,4.47,64.42
528,605,23.340000000057984,62.989999999779,gwadar,pk,68.1,20,94,4.65,25.12
529,606,16.20000000005433,-22.54000000014321,sal rei,cv,70.81,20,73,8.05,16.18
530,607,59.98000000007673,41.6599999997984,syamzha,ru,2.76,44,76,7,60.02
531,608,32.940000000062895,-106.96000000006643,truth or consequences,us,55.4,1,22,13.87,33.13
532,609,6.000000000049113,25.359999999813226,zemio,cf,67.69,56,99,3.42,5.02
533,610,52.37000000007282,122.0399999997253,yerofey pavlovich,ru,-5.35,44,77,2.53,53.97
534,611,21.920000000057257,-69.84000000010019,cockburn town,tc,75.52,0,100,8.46,21.46
535,612,15.040000000053737,1.5199999998349085,ayorou,ne,83.8,0,16,11.03,14.73
536,614,57.24000000007533,110.16999999973609,kichera,ru,-22,0,57,3.2,55.93
537,615,50.29000000007176,-92.76000000007934,dryden,ca,37.4,20,51,9.17,49.79
538,616,38.950000000065984,116.12999999973067,renqiu,cn,20.22,0,74,5.21,38.71
539,617,-6.859999999957466,38.269999999801485,ngerengere,tz,75.03,88,92,2.98,-6.76
540,618,49.320000000071275,-68.21000000010167,baie-comeau,ca,28.4,90,79,17.22,49.22
541,619,10.53000000005143,121.06999999972618,suba,ph,78.85,68,100,11.36,9.55
542,621,-17.63999999996298,-70.65000000009945,ilabaya,pe,72.51,8,50,4.76,-17.42
543,622,-13.859999999961047,14.769999999822858,caluquembe,ao,66.93,0,58,5.44,-13.78
544,623,53.15000000007325,25.73999999981288,slonim,by,8.52,76,79,5.99,53.09
545,625,-31.129999999969883,113.48999999973307,perth,au,61.99,0,77,10.29,-31.95
546,626,6.250000000049241,-23.4300000001424,praia,cv,69.8,20,73,16.11,14.92
547,627,43.92000000006851,-86.53000000008501,muskegon,us,40.89,40,41,6.93,43.23
548,628,64.67000000007914,159.68999999969105,evensk,ru,-0.76,0,100,4.88,61.92
549,629,-0.04999999995398241,-44.6500000001231,candido mendes,br,81.37,20,100,7.9,-1.45
550,630,5.510000000048862,-99.09000000007359,puerto escondido,mx,84.2,5,70,11.14,15.86
551,631,61.89000000007769,85.12999999975887,belyy yar,ru,6.8,80,84,2.24,53.6
552,632,56.8000000000751,-2.9800000001609988,kirriemuir,gb,31.08,75,88,20.8,56.67
553,633,-3.7699999999558855,104.23999999974149,prabumulih,id,71.38,68,96,1.97,-3.5
554,634,33.22000000006304,128.45999999971946,fukue,jp,42.8,75,60,19.46,35.03
555,635,17.06000000005477,124.63999999972293,dicabisagan,ph,73.9,92,100,3.09,17.08
556,636,24.770000000058715,78.25999999976511,chanderi,in,61.57,0,69,2.75,24.7
557,637,23.930000000058286,58.62999999978297,muscat,om,75.2,40,83,2.24,23.6
558,638,8.34000000005031,98.07999999974709,phangnga,th,75.02,20,78,2.98,8.45
559,640,49.06000000007114,-110.1800000000635,havre,us,17.6,1,78,5.77,48.55
560,641,52.25000000007276,-0.07000000016364538,huntingdon,gb,30.2,20,80,21.92,52.33
561,642,41.7400000000674,138.35999999971045,kizukuri,jp,32.55,88,100,28.14,40.81
562,643,65.2000000000794,18.489999999819474,ornskoldsvik,se,-1.93,8,77,5.82,63.29
563,644,47.74000000007047,-103.11000000006993,williston,us,30.38,1,87,3.36,48.15
564,645,44.37000000006873,37.9199999998018,divnomorskoye,ru,37.95,80,88,9.46,44.5
565,646,-36.49999999997263,-66.57000000010316,santa rosa,ar,92.08,12,33,4.54,-36.62
566,647,34.09000000006348,52.00999999978899,kashan,ir,53.6,20,58,4.7,33.99
567,648,-31.619999999970133,112.18999999973425,kwinana,au,61.97,0,77,10.29,-32.25
568,649,-12.159999999960178,-66.3100000001034,riberalta,bo,91.4,75,63,4.7,-11
569,650,18.17000000005534,97.54999999974757,nyaunglebin,mm,67.65,68,84,2.3,17.95
570,651,68.96000000008132,-54.26000000011436,kangaatsiaq,gl,20.76,0,100,7.78,68.31
571,654,39.36000000006618,6.529999999830352,carbonia,it,55.4,40,93,4.7,39.17
572,655,50.79000000007204,85.39999999975862,ust-koksa,ru,10.27,12,54,5.99,50.27
573,656,-17.49999999996291,164.89999999968632,norsup,vu,77.95,92,100,5.44,-16.07
574,657,-4.709999999956366,112.3599999997341,paciran,id,73.09,88,99,3.31,-6.9
575,659,-4.659999999956341,-69.66000000010035,benjamin constant,br,91.22,40,58,5.82,-4.38
576,660,47.94000000007057,124.39999999972315,fuyu,cn,-10.39,0,70,2.98,47.79
577,661,23.45000000005804,2.739999999833799,tessalit,ml,79.84,36,31,5.77,20.2
578,662,18.930000000055728,-65.93000000010375,san juan,us,84.85,1,20,20.8,26.19
579,663,7.960000000050115,-59.68000000010943,mabaruma,gy,81.55,8,72,7.78,8.2
580,665,-31.069999999969852,-59.3800000001097,parana,ar,92.35,0,32,4.76,-31.73
581,666,35.47000000006419,48.219999999792435,qorveh,ir,24.63,0,76,3.42,35.17
582,667,72.95000000008338,15.139999999822521,andenes,no,30.2,75,74,12.75,69.31
583,668,-33.56999999997113,-60.830000000108384,pergamino,ar,89.25,0,40,4.76,-33.9
584,670,28.190000000060465,20.069999999818037,awjilah,ly,60.85,0,55,9.69,29.14
585,671,26.960000000059836,102.53999999974303,panzhihua,cn,50.5,0,51,3.76,26.59
586,672,32.23000000006253,-86.24000000008527,montgomery,us,62.96,90,82,16.11,32.37
587,673,-1.8999999999549289,10.999999999826287,mouila,ga,77.28,20,83,2.86,-1.86
588,674,-0.6699999999542996,-77.3000000000934,archidona,ec,69.9,24,83,3.53,-0.91
589,675,-50.03999999997956,-66.66000000010308,rio gallegos,ar,69.8,75,21,14.99,-51.62
590,676,48.580000000070896,124.98999999972261,nehe,cn,-12.19,0,38,3.09,48.48
591,677,-15.509999999961892,25.52999999981307,namwala,zm,66.79,88,100,5.44,-15.75
592,678,-4.389999999956203,-81.73000000008938,talara,pe,82.4,0,54,14.99,-4.58
593,679,-5.639999999956842,-49.130000000119026,maraba,br,84.97,68,77,3.42,-5.35
594,680,-23.08999999996577,165.53999999968573,noumea,nc,73.4,0,88,1.74,-22.28
595,681,57.87000000007566,57.829999999783695,lysva,ru,11.13,80,83,8.01,58.11
596,682,-22.669999999965555,-45.83000000012203,paraisopolis,br,86.92,40,62,6.93,-22.55
597,683,13.140000000052765,46.07999999979438,aden,ye,76.15,56,100,7.78,12.79
598,684,17.590000000055042,-99.9500000000728,tlacotepec,mx,77,40,20,14.99,18.96
