index,Latitude,Longitude,City,Country,Temperature,Cloudiness,Humidity,Wind Speed,Updated Latitude
0,7.15,-41.01,carutapera,br,80.7,64,86,6.33,-1.2
1,-16.08,16.01,ondjiva,ao,78.49,48,19,14.16,-17.07
2,13.22,-89.95,acajutla,sv,88.54,20,59,6.93,13.59
3,45.65,42.81,oktyabrskoye,ru,-1.21,56,79,4.88,56.73
4,25.78,72.69,samdari,in,66.66,0,56,4.09,25.81
5,-41.35,178.23,otane,nz,62.47,92,84,4.88,-39.89
6,44.63,37.04,anapskaya,ru,26.6,76,100,6.71,44.9
8,24.56,78.78,mahroni,in,66.57,0,60,2.75,24.59
9,13.88,-1.08,djibo,bf,85.33,0,24,10.47,14.1
10,-35.38,137.21,victor harbor,au,66.2,0,68,4.7,-35.55
11,37.16,119.43,hanting,cn,41.91,92,100,16.84,30.92
12,29.47,111.93,nanzhou,cn,48.3,80,100,14.5,29.37
13,48.01,-58.1,stephenville crossing,ca,33.8,40,80,5.82,48.5
14,-20.44,-69.23,iquique,cl,77,0,53,19.46,-20.22
15,-2.19,48.49,mogadishu,so,80.88,0,97,13.38,2.04
16,-29.13,41.82,beloha,mg,77.05,76,86,3.76,-25.17
17,52.55,84.41,bystryy istok,ru,2.58,44,75,17.96,52.37
18,35.54,4.23,tazmalt,dz,62.6,75,72,3.36,36.39
19,7.47,-73.22,el playon,co,89.6,40,49,4.7,3.24
20,27.6,110.98,lengshuijiang,cn,49.69,92,99,4.76,27.66
21,-15.58,162.38,luganville,vu,77.73,92,100,5.66,-15.51
22,43.18,30.42,sfantu gheorghe,ro,18.5,64,85,4.7,44.65
23,-13.17,-70.26,macusani,pe,52.08,92,100,1.19,-14.07
24,13.21,35.49,doka,sd,71.61,0,20,11.81,13.52
25,-0.35,119.2,palu,id,65.89,56,92,1.63,-0.9
26,5.09,20.05,kouango,cf,77.28,56,75,7.45,4.99
27,44.94,13.96,pula,hr,34.92,75,93,8.05,44.87
28,34.81,69.98,mehtar lam,af,57.2,75,93,1.97,34.67
29,-14.77,54.88,antalaha,mg,77.32,48,94,9.57,-14.9
30,-23.57,16.03,rehoboth,na,76.87,68,32,11.48,-23.31
31,56.06,-111.76,athabasca,ca,20.31,68,81,15.84,54.72
33,-4.32,106.15,metro,id,73.45,44,100,3.42,-5.11
34,-8.89,140.13,merauke,id,76.15,8,100,5.77,-8.49
35,41.16,56.37,gazanjyk,tm,48.52,88,91,12.48,39.24
36,36.22,49.5,takestan,ir,42.8,0,75,2.24,36.07
37,-28.77,139.9,broken hill,au,58.11,20,79,7.9,-31.97
38,33.42,-80.36,summerville,us,76.55,40,57,13.87,33.02
39,28.95,89.48,gasa,bt,-4.76,8,51,1.07,27.91
40,49.57,136.48,troitskoye,ru,4.47,48,69,11.48,52.98
41,60.51,136.39,solnechnyy,ru,6.45,76,78,9.69,50.72
42,47.95,-110.76,great falls,us,31.95,1,47,12.75,47.5
44,-31.45,-54.69,dom pedrito,br,91.4,40,38,6.93,-30.98
45,51.4,26.99,rokytne,ua,7.48,80,83,9.69,51.27
46,61.17,-0.01,lerwick,gb,27.5,75,86,5.82,60.15
47,-11.86,54.07,sambava,mg,81.6,24,100,16.4,-14.27
48,60.9,-153.36,kenai,us,4.87,1,66,6.93,60.55
49,37.74,44.48,yuksekova,tr,41,20,74,4.7,37.57
50,8.14,13.84,tchollire,cm,74.8,0,50,4.09,8.4
51,57.18,89.98,novobirilyussy,ru,1.05,64,80,5.66,56.95
54,-11.21,45.8,koungou,yt,82.4,48,78,5.82,-12.73
55,6.8,-96.4,champerico,gt,91.4,40,43,18.34,14.3
56,58.03,110,alekseyevsk,ru,-19.88,0,55,2.98,57.84
57,63.53,33.53,segezha,ru,12.07,92,88,2.98,63.74
58,33.12,101.39,linxia,cn,12.52,0,54,2.19,35.6
59,43.74,10.24,viareggio,it,30.22,75,100,14.99,43.87
60,30.97,57.12,ravar,ir,36.28,0,50,2.08,31.27
61,33.05,109,ankang,cn,36.64,88,96,2.19,32.73
62,8.9,5.05,lafiagi,ng,84.97,32,45,8.23,8.85
63,42.89,118.78,chifeng,cn,26.02,8,49,15.73,42.27
64,29.36,-107.88,madera,mx,57.75,0,43,3.42,29.2
66,71.54,17.85,tromso,no,32,90,100,17.22,69.65
68,48.47,92.26,ulaangom,mn,11.58,0,89,8.68,49.98
70,78.46,26.42,honningsvag,no,26.35,75,79,8.05,70.98
72,52.22,-46.42,bonavista,ca,33.45,92,97,2.75,48.65
73,21.33,77.6,achalpur,in,65.62,0,59,2.42,21.25
74,42.29,32.31,zonguldak,tr,23.01,20,100,3.87,41.25
75,46.94,12.03,brunico,it,27.66,40,92,1.12,46.8
76,-15.93,33.38,tete,mz,71.25,92,100,3.65,-16.16
77,53.08,142.92,tungor,ru,3.97,64,80,13.04,53.39
78,35.28,-113.58,kingman,us,60.33,20,23,13.87,35.19
79,41.38,59.84,dasoguz,tm,36.5,90,94,11.41,41.84
80,43.4,-115.21,mountain home,us,38.86,75,100,23.04,43.13
81,62.48,40.75,puksoozero,ru,8.07,92,82,4.65,62.59
82,54.77,19.39,baltiysk,ru,12.2,90,85,6.71,54.66
83,40.5,-14.83,peniche,pt,51.8,20,71,9.17,39.36
84,25.61,25.25,jalu,ly,59.68,0,56,8.23,29.03
86,-6.9,-39.85,assare,br,78.67,36,77,3.09,-6.87
87,54.16,-116.89,edson,ca,28.4,75,50,18.34,53.59
88,65.54,130.67,batagay-alyta,ru,-14.03,64,78,2.75,67.8
89,53.53,114.16,bagdarin,ru,-14.17,36,54,2.75,54.44
90,-36.29,155.01,kiama,au,64.4,75,77,4.7,-34.67
92,64.11,-22.77,keflavik,is,33.1,0,100,8.05,64
93,27.83,104.32,wufeng,cn,45.15,92,91,2.64,27.44
94,38.02,-122.21,benicia,us,53.1,75,62,14.99,38.05
95,37.28,-121.15,patterson,us,52.52,90,87,28.86,37.47
96,-24.93,148.25,emerald,au,75.52,32,88,4.21,-23.53
97,21.77,84.76,deogarh,in,62.29,0,73,1.97,21.53
98,59.47,116.43,kropotkin,ru,25.08,44,85,5.1,45.43
99,25.58,-89.65,houma,us,81.09,75,61,14.99,29.6
100,-20.35,-40.87,domingos martins,br,87.8,40,58,18.34,-20.36
101,8.33,-2.47,bondoukou,ci,70.57,56,98,3.76,8.04
102,46.77,-111.97,helena,us,33.8,1,47,8.12,46.59
103,7.27,-89.62,santa cruz,cr,91.4,20,36,14.99,10.26
106,20.69,112.48,yangjiang,cn,67.65,92,95,3.65,21.85
107,22.19,65.84,keti bandar,pk,75.48,0,96,9.24,24.14
108,30,115.78,wuxue,cn,47.44,92,100,9.8,29.85
109,52.34,-119.77,chase,ca,39.2,75,64,13.87,50.82
110,35.4,-78.28,smithfield,us,57.36,1,52,3.42,41.92
111,34.03,-6.18,kenitra,ma,60.8,40,82,20.8,34.26
113,0.27,1.54,mumford,gh,79.62,0,82,7.45,5.26
114,58.46,83.59,kolpashevo,ru,-20.2,0,58,5.77,58.31
115,55.17,66.28,lebyazhye,ru,5,0,84,2.24,59.96
116,41.41,-93.31,indianola,us,48.2,1,29,10.29,40.24
117,49.98,-124.01,powell river,ca,43.32,75,65,13.87,49.84
118,53.76,-128.7,kitimat,ca,33.8,90,64,17.22,54.02
119,40.34,-95.52,maryville,us,49.53,1,29,13.87,40.35
120,36.5,-115.8,pahrump,us,56.91,1,25,16.11,36.21
121,22.41,-86.84,isla mujeres,mx,82.4,40,61,17.22,21.23
123,-11.28,-62.09,presidente medici,br,89.83,0,65,2.3,-11.18
127,16.46,-92.13,las margaritas,mx,83.17,0,36,0.18,16.32
129,64.33,123.27,kysyl-syr,ru,-24.2,24,36,2.98,63.9
130,-44.82,-67.09,comodoro rivadavia,ar,73.4,0,35,16.11,-45.87
131,35.6,-7.84,faro,pt,57.2,20,76,19.46,37.02
132,10.11,-84.1,cinco esquinas,cr,81.41,20,42,11.41,9.95
133,31.7,-106.18,socorro,us,55.29,1,28,6.93,31.65
135,48.42,-78.65,macamic,ca,32,20,78,10.29,48.75
136,-9.56,36.51,malinyi,tz,70.12,92,99,2.42,-8.94
137,25.77,-100.75,garcia,mx,66.52,0,45,7.56,30.64
138,23.72,101.61,simao,cn,51.94,0,84,3.65,22.76
139,32.01,-8.04,marrakesh,ma,55.9,0,70,12.82,31.63
140,-33.19,18.73,malmesbury,za,71.6,0,56,17.22,-33.46
142,25.87,-84.92,venice,us,80.82,1,78,11.41,27.1
143,35.88,16.73,pachino,it,64.4,92,52,5.82,36.72
144,56.66,31.41,toropets,ru,6.67,56,79,14.16,56.5
145,-30.93,145.15,griffith,au,57.75,20,84,3.42,-34.29
146,56.2,14.53,karlshamn,se,22.15,75,85,13.87,56.17
147,9.04,121.31,alim,ph,78.9,0,100,9.91,9.56
148,37.77,-115.04,sunrise manor,us,60.42,1,25,16.11,36.21
149,26.48,82.14,bikapur,in,67.47,0,66,3.31,26.66
150,-19.3,-41.76,conselheiro pena,br,87.9,64,48,3.2,-19.17
151,18.11,-77.38,mandeville,jm,84.2,20,66,17.22,18.04
152,0.13,133.53,manokwari,id,81.1,68,100,2.08,-0.87
153,-27.37,-43.22,ilhabela,br,78.94,20,100,10.47,-23.78
154,33.9,49.93,khomeyn,ir,22.15,0,81,3.65,33.64
155,6.76,6.92,idah,ng,81.06,20,73,5.44,7.11
156,-18.49,29.19,kadoma,zw,65.44,88,97,3.98,-18.34
157,49.4,-71.23,saint-ambroise,ca,28.99,90,74,9.17,48.56
158,60.33,128.03,mokhsogollokh,ru,-22.27,48,63,2.64,61.4
159,43.39,-7.44,foz,es,49.33,92,100,25.34,43.57
160,38.29,-25.34,rabo de peixe,pt,50,40,87,6.93,37.8
161,34.83,-129.09,half moon bay,us,53.62,90,87,14.99,37.46
163,2.24,-15.61,mattru,sl,80.61,32,55,6.11,7.62
164,-8.25,-85.3,sechura,pe,82.23,0,63,14.83,-5.56
165,-42.84,141.59,portland,au,56.98,64,89,3.31,-33.35
166,66.56,32.15,zelenoborskiy,ru,10.63,48,67,2.19,66.84
168,-15.92,32.27,mount darwin,zw,68.55,92,96,3.98,-16.77
169,45.99,-3.31,la baule-escoublac,fr,44.6,92,87,19.46,47.28
170,7.16,0.2,kpandu,gh,77.59,8,85,3.65,7
171,13.07,14.61,massaguet,td,89.6,0,11,6.93,12.48
172,45.12,45.09,zaterechnyy,ru,31.47,92,96,9.46,44.8
173,-3.61,105.21,palembang,id,74.4,76,97,2.75,-2.99
174,43.6,-64.51,liverpool,ca,40.24,76,91,9.13,44.04
176,38.12,68.99,yovon,tj,53.6,90,76,6.71,38.32
177,40.64,68.06,gagarin,uz,44.25,100,100,7.78,40.66
178,14.72,9.64,tanout,ne,71.38,0,18,7.9,14.97
179,34.37,134.37,shido,jp,39.97,0,79,12.48,34.32
180,-2.82,163.06,buala,sb,80.74,56,97,7.56,-8.15
182,16.32,-77.05,may pen,jm,84.2,20,70,18.34,17.97
183,-4.85,128.73,ambon,id,75.97,88,100,2.75,-3.7
184,-5.39,33.8,mgandu,tz,61.03,92,92,2.98,-5.96
185,13.38,-86.39,condega,ni,75.2,40,57,9.17,13.36
187,41.5,-109.26,rock springs,us,35.6,1,47,3.36,41.59
188,41.06,-3.46,algete,es,47.39,75,70,21.92,40.6
189,64.69,38.94,severodvinsk,ru,17.6,90,92,4.47,64.56
190,50.49,6.64,kall,de,27.79,40,33,24.16,50.54
191,17.16,66.87,mangrol,in,63.73,0,74,5.44,25.33
192,-13.11,-150.18,fare,pf,82.5,68,97,16.17,-16.7
193,-37.17,-61.3,olavarria,ar,85.78,20,45,3.76,-36.89
194,61.29,27.01,valkeala,fi,3.2,0,65,1.12,60.94
195,-5.13,31.9,kaliua,tz,65.4,92,93,2.08,-5.06
196,-32.43,161.11,port macquarie,au,64.4,100,88,5.82,-31.43
197,-1.34,118.1,loa janan,id,72.51,48,100,2.42,-0.58
198,53.29,105.9,bayanday,ru,-5.21,76,75,2.98,53.07
199,39.07,28.03,akhisar,tr,29.22,12,87,2.08,38.92
200,15.15,43.08,bajil,ye,71.02,32,93,3.42,15.06
201,17.53,132.24,alugan,ph,77.05,64,100,5.44,12.22
202,9.58,-82.46,changuinola,pa,72.55,88,100,2.75,9.44
203,21.83,-63.03,the valley,ai,79.66,20,57,10.29,18.22
204,-8.51,-72.36,porto walter,br,83.53,64,78,2.75,-8.27
205,23.8,132.54,gushikawa,jp,56.21,1,87,5.82,26.35
206,21.28,7.49,arlit,ne,70.35,0,22,5.88,18.74
207,-10.78,-25.51,olinda,br,84.79,0,66,14.99,-22.82
208,61.07,28.17,lappeenranta,fi,-2.21,0,84,1.12,61.06
211,47.8,-72.07,desbiens,ca,28.4,90,79,9.17,48.42
212,-40.28,174.93,wanganui,nz,68.23,92,88,6.78,-39.93
213,5.92,116.1,putatan,my,77,75,88,1.74,5.88
215,40.07,-105.86,boulder,us,46.99,1,39,4.7,40.02
216,65.98,12.8,sandnessjoen,no,15.76,0,57,12.75,66.02
217,40.26,36.97,niksar,tr,27.19,68,95,2.19,40.59
218,42.37,-104.31,torrington,us,51.8,1,29,17.22,42.06
219,23.49,93.97,mawlaik,mm,60.94,0,82,1.97,23.63
220,53.05,87.01,mundybash,ru,3.88,48,61,10.36,53.21
221,16.39,-101.46,petatlan,mx,86,5,62,11.41,17.52
222,57.55,91.43,rassvet,ru,8.43,76,74,10.58,49.11
223,-4.01,129.53,amahai,id,75.88,92,100,4.76,-3.31
224,18.4,-3.62,araouane,ml,79.53,0,36,2.75,18.9
225,38.73,146.14,yamada,jp,41,75,48,20.8,36.58
226,15.41,95.43,bogale,mm,70.57,56,100,8.46,16.29
227,12.19,78.56,harur,in,58.33,0,80,1.97,12.06
228,33.18,130.93,hita,jp,41.74,0,77,1.12,33.31
229,-21.49,18.42,gobabis,na,77,24,53,2.24,-22.45
230,36.27,30.13,kumluca,tr,26.47,8,85,1.63,36.37
231,6.38,76.38,manavalakurichi,in,82.4,20,78,3.36,8.13
232,35.1,78.01,leh,in,10.09,88,88,1.52,34.16
233,69.38,87.8,kayerkan,ru,-6.83,68,73,28.81,69.35
234,-7.38,40.19,kilindoni,tz,78.58,80,100,12.26,-7.91
235,-6.25,-30.56,cabedelo,br,80.6,75,74,6.93,-6.97
236,38.71,65.61,koson,uz,50,75,93,4.7,39.04
237,69.67,4.51,bud,no,20.62,0,44,10.29,62.91
238,64.63,-16.16,hofn,is,32,40,100,27.51,64.25
239,24.36,84.54,sherghati,in,64.27,8,70,5.21,24.57
241,64.54,80.26,urengoy,ru,-6.56,44,58,10.13,65.96
242,9.02,33.67,gambela,et,62.52,0,70,0.29,8.25
243,10.93,-59.66,scarborough,tt,75.2,75,88,5.82,11.18
244,-24.89,-56.39,yataity del norte,py,75.12,88,100,2.98,-24.85
245,3.63,-5.47,sassandra,ci,79.84,8,96,5.1,4.95
246,23.08,80.08,barela,in,65.53,0,58,2.98,23.1
247,8.79,-73.92,tamalameque,co,93.3,0,41,2.3,8.86
248,-24.78,23.34,khakhea,bw,72.82,44,42,8.23,-24.69
249,10.32,83.68,trincomalee,lk,74.8,0,92,5.55,8.58
251,-8.14,-67.16,pauini,br,95.55,8,41,4.09,-7.71
253,53.61,71.13,stepnyak,kz,-4.54,0,78,10.69,52.83
254,18.27,10.68,bilma,ne,63.73,0,31,2.75,18.69
255,65.86,33.76,loukhi,ru,8.83,20,73,2.19,66.08
256,63.25,25.13,nivala,fi,10.27,88,82,2.64,63.93
257,-11.03,155.17,gizo,sb,82.5,88,100,5.99,-8.1
258,51.98,160.66,petropavlovsk-kamchatskiy,ru,8.6,0,65,6.71,53.05
259,70.33,47.05,mezen,ru,11.13,8,72,4.99,65.85
262,48.55,112.79,kyra,ru,1,0,79,6.44,49.58
263,51.77,143.92,katangli,ru,20.35,92,95,16.84,51.71
264,9.11,-108.04,coahuayana,mx,87.4,0,24,2.98,18.62
265,39.41,-109.4,redlands,us,56.77,1,44,3.36,34.06
266,-4.2,114.62,martapura,id,76.11,92,100,2.19,-3.41
267,29.24,-92.69,abbeville,us,72.1,75,69,14.99,29.97
268,-6.58,13.36,matadi,cd,74.44,24,96,3.2,-5.83
269,-5.8,-76.37,yurimaguas,pe,82.77,68,77,2.53,-5.9
271,0.64,71.77,thinadhoo,mv,83.35,92,100,12.26,0.53
272,16.71,36.94,wagar,sd,66.75,0,14,10.58,16.15
273,-10.55,27.23,likasi,cd,63.64,76,100,3.65,-10.99
274,49.67,47.78,savinka,ru,0.33,12,76,14.27,50.08
276,34.28,-123.46,monterey,us,55.87,90,99,17.22,36.6
278,-6.07,151.01,kimbe,pg,78.27,88,100,1.07,-5.56
279,-0.41,24.6,kisangani,cd,71.29,44,100,3.2,0.52
280,-13.93,31.35,petauke,zm,67.02,100,98,1.86,-14.25
281,40.11,145.04,kushiro,jp,30.93,80,86,17.52,43.11
282,26.31,61.04,iranshahr,ir,66.2,75,68,2.64,27.21
283,31.22,37.72,turayf,sa,57.2,0,50,2.24,31.68
284,11.45,-3.01,dano,bf,83.4,44,29,7.34,11.14
286,29.23,-78.37,cape canaveral,us,86.38,1,45,14.99,28.41
287,69.07,30.74,zapolyarnyy,ru,23,75,92,5.82,69.43
288,58.4,170.34,tilichiki,ru,10.95,12,76,11.7,60.47
289,12.9,104.38,kampong thum,kh,76.87,8,88,8.57,12.71
290,53.98,111.92,sosnovo-ozerskoye,ru,-14.8,0,39,5.44,52.53
291,53.35,-66.56,sept-iles,ca,30.2,75,74,23.04,50.2
292,66.01,54.58,izhma,ru,20.08,68,70,8.01,65.01
293,-26.5,31.39,manzini,sz,64.4,0,93,1.12,-26.5
294,14.94,25.09,kutum,sd,69.22,0,25,10.69,14.2
295,-1.41,-64.19,maraa,br,96.27,12,43,4.76,-1.83
296,59.31,158.47,palana,ru,16.12,68,75,10.92,59.08
297,36.71,116.78,changqing,cn,41,92,86,8.95,31.81
298,16.51,84.98,yarada,in,79.75,0,100,7.45,17.65
299,13.68,-21.72,vila do maio,cv,69.8,20,73,16.11,15.13
300,-18.23,33.33,manica,mz,71.6,75,94,6.93,-18.94
301,57.33,134.31,chumikan,ru,-11.15,32,73,2.53,54.72
302,73.05,140.76,deputatskiy,ru,-18.26,80,49,3.87,69.3
303,48,2.19,pithiviers,fr,34.39,68,84,16.11,48.17
304,-0.16,43.3,jamame,so,78.27,8,86,8.46,0.07
305,17.4,100.57,nakhon thai,th,63.73,8,93,1.97,17.1
306,43.86,-111.33,rexburg,us,32,90,71,6.93,43.82
307,31.67,-107.98,puerto palomas,mx,55.4,1,26,12.75,31.77
309,67.95,30.01,kovdor,ru,21.21,92,95,4.21,67.56
310,-9.59,108.18,kawalu,id,67.33,64,98,1.97,-7.38
311,12.55,16.18,massakory,td,78.49,0,22,10.36,13
313,-22.15,169.75,tadine,nc,80.74,68,99,2.98,-21.55
314,-22.69,-37.74,guarapari,br,87.8,40,58,18.34,-20.67
315,20.87,-73.94,baracoa,cu,76.78,0,100,8.01,20.35
316,3.05,-13.92,robertsport,lr,76.69,32,100,7.23,6.75
317,-17.27,44.41,tsiroanomandidy,mg,63.78,80,100,2.75,-18.77
318,-6.34,-75.9,chazuta,pe,87.8,75,58,9.17,-6.57
319,58.58,54.69,siva,ru,1.32,48,71,7,56.42
320,35.11,40.6,abu kamal,sy,48.43,12,67,3.09,34.45
322,57.04,-76.67,moose factory,ca,10.4,1,85,9.17,51.26
323,-29.02,-70.67,vallenar,cl,71.65,0,60,2.64,-28.58
324,27.48,77.8,baldeo,in,69.81,32,52,2.75,27.42
325,61.35,124.08,berdigestyakh,ru,-20.15,48,57,2.98,62.1
326,26.19,55.05,bandar-e lengeh,ir,70.17,80,100,9.01,26.56
327,39.89,23.09,skala fourkas,gr,39.2,40,55,4.7,40
328,2.98,-82.84,muisne,ec,75.07,100,96,3.31,0.61
329,29.86,-104.2,ojinaga,mx,65.67,0,16,3.31,29.57
330,62.87,73.6,muravlenko,ru,0.51,44,73,11.7,63.79
331,39.54,15.87,cetraro,it,50.5,92,91,8.01,39.52
332,32.38,138.69,oyama,jp,44.6,20,30,18.34,36.31
333,38.2,-63.96,shelburne,ca,37.38,1,64,10.29,44.08
334,57.72,66.65,nizhnyaya tavda,ru,11.13,64,78,9.69,57.67
335,67.72,7.58,sistranda,no,24.8,0,53,18.34,63.73
336,28.53,47.92,bayan,kw,66.2,8,77,4.7,29.3
337,11.84,-71.81,uribia,co,88.98,0,40,15.39,11.71
338,55.48,34.24,novodugino,ru,6.49,80,79,11.36,55.63
339,36.23,1.34,sidi ali,dz,60.04,80,70,16.28,36.1
340,40.3,-92.08,kirksville,us,50.07,0,39,16.11,40.19
341,28.75,-84.28,tarpon springs,us,81.12,40,69,19.46,28.15
342,13.64,-19.91,dakar,sn,66.79,0,92,20.31,14.69
343,-13.76,22.74,zambezi,zm,66.57,92,97,6.22,-13.55
344,40.93,140.71,namioka,jp,32.55,88,100,28.14,40.71
346,61.71,61.7,pelym,ru,11.85,0,81,7.11,61.01
347,-1.24,109.12,pontianak,id,77.59,80,100,2.42,-0.02
348,49.52,-98.26,carman,ca,36.79,20,51,5.82,49.51
349,0.5,143.86,aitape,pg,77.77,0,100,3.87,-3.15
350,27.68,27.95,matay,eg,56.4,0,55,4.43,28.42
351,6.37,46.65,hobyo,so,78.72,92,85,9.46,5.35
352,39.43,-76.17,aberdeen,us,45.86,90,75,10.29,46.98
353,10.79,-79.19,tubuala,pa,87.8,40,45,10.29,9.52
354,52.63,81.5,mamontovo,ru,0.06,48,74,13.27,52.71
355,-32.42,-75.92,valparaiso,cl,66.29,20,73,11.41,-33.04
356,65.87,91.95,svetlogorsk,ru,6.8,0,60,13.42,53.14
357,33.2,11.54,bin qirdan,tn,75.57,0,35,18.07,33.14
358,29.92,56,rafsanjan,ir,34.98,20,65,3.42,30.4
359,56.19,-0.16,whitley bay,gb,32.61,75,100,20.8,55.04
360,-0.74,80.96,matara,lk,76.2,0,100,6.78,5.95
361,-7.81,-37.71,afogados da ingazeira,br,69.81,48,95,3.2,-7.75
362,65.64,62.59,muzhi,ru,2.44,0,67,12.26,65.4
363,31.19,83.64,jumla,np,25.53,44,95,2.08,29.28
364,31.39,53.96,taft,ir,53.6,20,50,2.53,31.75
365,43.56,34.87,partenit,ua,33.36,44,100,8.23,44.58
368,15.38,-64.22,charlestown,kn,80.56,20,54,13.87,17.13
369,60,91.76,teya,ru,-21.41,24,59,2.53,60.37
370,54.54,65.89,polovinnoye,ru,10.05,56,81,11.36,54.79
371,45.37,126.5,shuangcheng,cn,-0.41,0,64,8.95,45.37
372,49.46,95.48,erzin,ru,8.74,68,94,2.98,50.26
373,-4.86,37.8,makuyuni,tz,65.31,48,97,2.08,-5.02
374,15.83,119.76,eguia,ph,75.97,0,100,4.99,15.91
375,-9.8,102.48,labuhan,id,72.6,92,96,1.97,-2.54
376,39.7,148.45,nemuro,jp,36.6,92,91,33.4,43.32
377,41.21,-87.52,cedar lake,us,40.35,90,86,20.8,41.36
379,-6.84,-68.83,eirunepe,br,85.83,0,79,2.75,-6.66
380,30.66,-29.09,ponta delgada,pt,50,40,87,6.93,37.73
381,19.51,119.34,davila,ph,77.5,0,99,8.57,18.47
382,32.49,19.3,benghazi,ly,64.54,0,92,18.07,32.12
384,52.2,23.14,biala podlaska,pl,3.52,36,82,2.98,52.03
385,44.73,32.21,zaozerne,ua,-0.8,36,78,2.75,51.37
386,3.89,101.93,raub,my,70.35,68,94,2.08,3.79
387,12.4,-86.83,leon,ni,93.2,20,36,6.93,12.44
388,-1.45,7.73,port-gentil,ga,78.8,75,88,6.93,-0.72
389,66.3,-51.89,maniitsoq,gl,30.97,92,68,7.56,65.42
390,26.15,-93.1,galveston,us,39.96,75,100,16.11,40.58
392,32.66,103.79,jiangyou,cn,47.22,68,84,2.42,31.78
393,13.02,-80.2,san andres,co,87.8,20,62,17.22,8.22
395,36.94,112.09,jiexiu,cn,30.03,64,80,5.77,37.02
396,-24.17,124.09,broome,au,80.6,40,88,4.7,-17.97
397,-25.78,31.44,bulembu,sz,66.2,0,77,14.99,-25.95
398,39.75,-86.1,beech grove,us,45.7,90,81,23.04,39.72
399,4.84,109.52,kuching,my,77,75,94,3.87,1.56
400,26.41,90.09,sapatgram,in,63.6,80,99,3.53,26.35
401,56.43,-105.57,la ronge,ca,12.2,5,61,9.17,55.1
402,42.74,21.84,vucje,rs,30.2,75,80,11.41,42.87
403,10.8,49.15,bosaso,so,74.35,0,100,1.41,11.28
404,-41.65,-47.63,rocha,uy,78.9,12,59,7,-34.48
405,36.66,61.94,sarakhs,ir,51.8,92,99,2.24,36.54
406,37.8,68.92,kirovskiy,tj,50.01,92,97,4.09,37.82
407,37.41,12.44,mazara del vallo,it,62.6,75,67,26.4,37.65
408,55.27,70.31,sladkovo,ru,6.49,80,79,11.48,55.53
409,46.79,25.55,ditrau,ro,-5.71,12,63,1.19,46.82
410,56.58,75.48,muromtsevo,ru,-2.33,76,72,11.48,56.37
411,-14.2,34.28,dedza,mw,63.82,92,99,2.08,-14.38
413,61.56,61.06,ous,ru,11.85,0,81,7.11,60.91
414,18.78,100.78,nan,th,65.58,20,87,2.42,18.78
416,30.27,132.3,kushima,jp,44.6,20,65,5.82,31.5
417,2.44,103.25,labis,my,72.78,0,96,2.86,2.38
418,2.04,-75.31,puerto rico,co,87.27,32,47,6.33,2.94
419,-1.52,-44.41,cururupu,br,81.82,88,79,5.77,-1.82
420,57.48,36.62,bezhetsk,ru,-1.3,24,81,8.79,57.78
421,-34.32,-55.93,florida,uy,80.97,56,60,6.33,-34.1
422,-11.51,3.44,namibe,ao,74.53,0,100,8.68,-15.19
423,16.85,58.87,salalah,om,75.2,20,73,4.7,17.01
424,-5.68,15.25,mbanza-ngungu,cd,74.62,48,71,5.66,-5.25
426,38.59,-55.5,saint-pierre,pm,37.4,0,64,11.41,46.77
427,67.71,18.88,setermoen,no,30.2,75,68,5.82,68.86
428,7.34,131.04,kloulklubed,pw,78.8,40,83,8.05,7.04
429,-2.31,-64.83,uarini,br,93.2,40,52,8.05,-2.98
430,-10.62,21.96,luau,ao,69.63,64,88,5.21,-10.71
432,-12.09,23.35,mwinilunga,zm,63.55,92,100,2.75,-11.73
433,59.94,24.38,kirkkonummi,fi,-5.81,0,83,3.36,60.12
434,-32.09,-55.42,tacuarembo,uy,83.62,36,56,5.44,-31.73
435,57.74,-134.35,juneau,us,31.41,40,39,8.05,58.3
437,58.32,-3.68,helmsdale,gb,30.2,75,74,27.51,58.12
438,62.38,106.93,yerbogachen,ru,-18.53,32,52,2.64,61.28
439,38.85,52.53,balkanabat,tm,44.38,36,90,5.66,39.51
440,0.86,-78.39,el angel,ec,64.35,75,48,9.17,0.62
441,44.15,97.91,hovd,mn,21.34,0,58,10.8,48.01
442,52.39,23.08,siemiatycze,pl,5.23,32,75,3.98,52.43
443,14.76,71.78,candolim,in,71.7,0,100,5.99,15.52
444,48.31,134.36,nikolayevka,ru,25.62,0,91,8.46,46.73
445,8.75,99.5,wiang sa,th,71.29,12,95,1.74,8.64
447,40.27,-76.93,harrisburg,us,52.7,90,76,5.82,40.27
449,10.05,1.84,djougou,bj,74.35,0,36,3.42,9.71
450,11.71,29.11,abu zabad,sd,73.09,0,21,11.48,12.35
451,41.57,-24.98,praia da vitoria,pt,51.8,40,71,12.37,38.73
452,-2.69,-59.07,itacoatiara,br,86,20,79,6.93,-3.14
454,13.34,32.13,tandalti,sd,76.78,0,16,13.71,13.01
455,14.52,79.91,kovur,in,61.53,0,82,2.64,14.5
456,33.29,76.89,chamba,in,43.48,76,78,2.3,32.56
457,-4.62,-59.5,borba,br,86.68,12,71,3.2,-4.39
458,42.86,123.67,changtu,cn,-3.64,36,51,3.87,42.78
459,20.71,74.54,malegaon,in,73.9,44,39,5.99,20.56
460,22.42,73.85,shivrajpur,in,66.25,8,81,2.75,22.42
461,30.88,-105.77,praxedis guerrero,mx,55.27,1,28,6.93,31.37
462,-2.86,100.28,sungaipenuh,id,65.4,36,96,1.19,-2.08
463,52.17,-0.81,northampton,gb,27.66,90,68,19.46,52.24
464,39.99,-95.56,atchison,us,52.18,1,29,13.87,39.56
465,-22.61,166.51,mont-dore,nc,73.4,0,88,2.42,-22.23
466,-1.8,99.52,padang,id,81.73,68,100,2.75,-0.92
467,-14.44,30.77,nyimba,zm,67.6,92,99,3.09,-14.56
468,-41.34,147.22,launceston,au,57.2,90,87,2.86,-41.43
470,63.49,-52.97,nuuk,gl,35.6,90,74,1.12,64.17
471,7.85,71.25,dhidhdhoo,mv,83.13,32,100,9.46,6.88
472,-37.55,-45.26,rio grande,br,84.2,40,62,10.29,-32.03
473,43.97,130.84,dongning,cn,14.23,0,49,12.26,44.06
474,-7.76,27.27,manono,cd,68.01,24,98,4.76,-7.3
476,57.39,12.32,kungsbacka,se,15.8,75,85,11.41,57.49
477,68.56,43.82,kamenka,ru,-2.92,0,74,8.79,53.19
479,39.82,84.99,korla,cn,24.13,36,70,2.64,41.76
480,39.68,115.38,fangshan,cn,30.2,0,39,6.71,39.75
481,-7.62,36.9,kidodi,tz,72.42,92,98,2.42,-7.6
482,21.72,117.58,haimen,cn,40.69,92,100,12.71,31.87
483,59.18,97.28,boguchany,ru,-17.68,0,50,4.43,58.38
485,-33.15,-65.76,san luis,ar,87.4,48,34,6.44,-33.3
486,45.84,124.78,zhaoyuan,cn,-5.44,48,55,2.98,45.52
487,33.32,137.58,toba,jp,42.8,75,60,19.46,34.47
488,65.47,113.85,udachnyy,ru,-30.1,0,47,4.32,66.42
489,65.31,59.21,synya,ru,11.4,64,83,4.21,65.37
490,-14,35.42,mangochi,mw,70.35,92,100,3.53,-14.48
491,56.78,22.19,skrunda,lv,19.4,92,85,13.87,56.68
492,-22.41,11.21,henties bay,na,61.8,0,100,4.54,-22.12
493,12.03,-91.41,san jose,gt,92.4,0,43,3.98,16.98
494,6.16,-108.17,lazaro cardenas,mx,57.2,40,22,4.7,28.39
495,50.95,-68.24,port-cartier,ca,30.2,90,74,14.99,50.03
496,4.68,-1.01,cape coast,gh,78.94,8,72,5.1,5.11
497,34.55,57.21,tabas,ir,42.22,0,81,3.42,33.6
498,-21.31,-48.64,monte alto,br,82.63,20,81,2.3,-21.27
499,0.6,-83.85,manta,ec,86,40,74,10.29,-0.95
500,-18.98,43.69,morondava,mg,76.6,32,100,5.21,-20.3
502,10.21,-45.12,cayenne,gf,82.4,75,74,10.29,4.94
503,21.3,36.77,sawakin,sd,64.23,0,100,7,19.1
505,33.01,116.99,huaiyuan,cn,35.16,36,100,9.13,32.97
507,-2.3,40.99,lamu,ke,79.84,56,96,5.55,-2.27
508,11.22,-9.42,siguiri,gn,82.32,48,56,6.55,11.42
509,10.02,-95.67,ocos,gt,90.12,40,55,11.41,14.51
510,15.85,-71.43,pedernales,do,82.4,20,61,20.8,18.04
511,-21.83,35.24,beira,mz,78.27,80,89,6.22,-19.84
512,11.02,4.81,kontagora,ng,80.2,0,46,2.75,10.4
513,0.93,8.55,cocobeach,ga,82.4,20,69,8.05,1.01
514,63.09,-165.5,nome,us,72.5,1,56,14.99,30.04
515,0.52,123.03,gorontalo,id,72.28,8,96,1.97,0.54
516,55.37,32.16,dukhovshchina,ru,10.27,92,80,14.27,55.19
517,18.14,118.64,puro,ph,73.95,80,100,2.75,13.13
518,40.33,122.46,yingkou,cn,17.16,24,85,13.04,40.67
519,-47.59,-56.85,viedma,ar,78.13,0,30,7,-40.81
520,51.15,9.91,sontra,de,21.43,0,52,17.22,51.07
522,37.23,-118.25,orange cove,us,53.28,90,81,13.87,36.62
523,-21.86,15.1,usakos,na,65.58,12,68,3.09,-22
524,-18.48,27.77,sinazongwe,zm,69.81,92,100,2.42,-17.26
526,-7.2,-39.87,araripe,br,75.34,0,79,2.19,-7.21
528,-32.01,146.68,parkes,au,61.35,12,81,10.92,-33.14
529,27.54,113.53,liling,cn,51.8,90,93,11.18,27.65
530,51.04,66.06,derzhavinsk,kz,-12.91,0,60,3.2,51.1
531,3.96,89.63,banda aceh,id,72.37,0,99,2.53,5.56
532,49.88,-56.27,springdale,ca,32.05,92,94,11.81,49.5
533,26.18,67.36,bhan,pk,68.91,0,62,7.34,26.56
534,-26.06,-49.18,sao bento do sul,br,82.4,75,78,5.82,-26.25
535,42.66,-4.05,reinosa,es,50,75,87,35.57,43
537,52.56,49.03,khvorostyanka,ru,-13.63,0,42,2.98,52.62
538,65.4,45.35,leshukonskoye,ru,9.96,0,76,4.32,64.9
539,35.42,64.92,dawlatabad,af,49.38,92,98,8.01,36.41
540,7.52,128.48,baculin,ph,75.66,32,97,6.33,7.45
541,38.32,-5.9,azuaga,es,45.82,0,86,18.07,38.26
542,48.03,-65.32,bonaventure,ca,24.8,90,92,4.7,48.04
543,58.96,24.25,turba,ee,5,75,84,8.05,59.08
544,42.2,-60.9,port hawkesbury,ca,33.8,1,74,9.17,45.62
545,-24.22,21.39,hukuntsi,bw,72.37,8,49,5.99,-23.98
546,4.29,9,idenao,cm,75.3,36,100,4.21,4.25
547,8.73,-104.62,san jeronimo,mx,75.2,5,14,1.19,29.37
548,58.44,-11.21,killybegs,ie,34.57,92,100,29.93,54.63
549,-0.27,-62.04,barcelos,br,90.96,44,50,4.65,-0.97
550,41.7,-66.68,yarmouth,ca,46.4,75,81,13.87,43.84
551,46.87,-122.34,elk plain,us,47.05,75,53,4.54,47.04
552,17.76,130.36,gigmoto,ph,77.05,44,100,6.11,13.78
555,24.5,-63.75,road town,vg,75.87,40,65,5.82,18.42
556,62.13,113.89,mirnyy,ru,1.95,24,69,9.8,56.57
557,-18.19,129.45,kununurra,au,77,0,94,3.36,-15.77
559,15.78,11.38,goure,ne,73.68,0,21,9.01,13.98
560,26.45,-18.73,los llanos de aridane,es,69.8,20,52,5.82,28.66
561,67.79,149.26,zyryanka,ru,-12.64,56,59,3.42,65.73
562,65.29,26.76,muhos,fi,15.8,92,85,1.12,64.81
563,38.61,81.4,aksu,cn,18.73,0,70,0.74,41.12
564,11.23,66,kavaratti,in,84.3,0,100,7,10.57
567,48.56,97.08,kungurtug,ru,18.37,64,73,7.45,50.6
568,47.11,-54.12,bay roberts,ca,32,90,98,6.93,47.58
569,-16.2,72.13,quatre cocos,mu,80.6,75,83,10.29,-20.21
570,-34.12,-23.03,sao joao da barra,br,87.8,20,62,6.93,-21.64
571,57.63,102.28,ust-ilimsk,ru,-18.85,0,53,2.64,57.96
572,-1.17,-48.18,santo antonio do taua,br,80.16,68,85,5.44,-1.15
573,-22.49,27.85,mogapi,bw,67.15,88,62,6.44,-22.32
574,22.49,72.88,karamsad,in,73.4,0,53,4.76,22.54
575,1.31,-70.23,mitu,co,75.57,36,100,3.53,1.2
577,65.24,66.7,salekhard,ru,-1.16,36,68,10.69,66.54
578,41.49,-120.5,susanville,us,39.2,90,80,12.75,40.42
579,40.22,47.11,agdam,az,38.22,92,92,1.07,39.99
580,-18.59,50.45,toamasina,mg,77,40,94,6.93,-18.17
582,8.52,107.41,tra vinh,vn,76.24,8,98,5.21,9.93
583,42.08,121.6,fuxin,cn,6.36,24,71,8.9,42.02
585,55.72,79.04,ubinskoye,ru,-1.75,56,81,11.48,55.31
586,41.03,120.68,nanpiao,cn,16.57,56,65,8.46,41.1
587,40.68,28.74,yakuplu,tr,9.73,0,69,2.08,39.43
588,19.75,-16.76,nouadhibou,mr,68,20,82,8.05,20.93
590,56.57,32.92,nelidovo,ru,5.5,68,83,13.82,56.22
591,24.25,-83.77,bahia honda,cu,85.69,0,49,1.19,22.9
592,36.48,70.83,jurm,af,24.85,44,99,1.52,36.86
593,-11.59,-45.29,riachao das neves,br,81.55,12,70,3.65,-11.75
594,53.79,-91.56,sioux lookout,ca,36.63,20,51,10.29,50.1
595,13.4,120.02,looc,ph,77,20,88,5.82,10.32
596,8.05,-5.36,botro,ci,71.74,76,100,7.23,7.85
597,16.57,15.13,mao,td,77.32,0,17,11.7,14.12
598,6.55,42.58,ginir,et,61.17,48,89,2.3,7.14
599,29.85,-121.14,port hueneme,us,58.95,40,55,12.75,34.15
600,56.91,-5.71,mallaig,gb,34.75,44,100,25.9,57.01
601,1.32,-73.09,calamar,co,85.69,76,58,4.88,1.96
602,28.37,32.52,beni suef,eg,57.88,0,53,5.44,29.07
603,52.9,106.53,istok,ru,17.6,90,92,4.47,64.42
605,23.34,62.99,gwadar,pk,68.1,20,94,4.65,25.12
606,16.2,-22.54,sal rei,cv,70.81,20,73,8.05,16.18
607,59.98,41.66,syamzha,ru,2.76,44,76,7,60.02
608,32.94,-106.96,truth or consequences,us,55.4,1,22,13.87,33.13
609,6,25.36,zemio,cf,67.69,56,99,3.42,5.02
610,52.37,122.04,yerofey pavlovich,ru,-5.35,44,77,2.53,53.97
611,21.92,-69.84,cockburn town,tc,75.52,0,100,8.46,21.46
612,15.04,1.52,ayorou,ne,83.8,0,16,11.03,14.73
614,57.24,110.17,kichera,ru,-22,0,57,3.2,55.93
615,50.29,-92.76,dryden,ca,37.4,20,51,9.17,49.79
616,38.95,116.13,renqiu,cn,20.22,0,74,5.21,38.71
617,-6.86,38.27,ngerengere,tz,75.03,88,92,2.98,-6.76
618,49.32,-68.21,baie-comeau,ca,28.4,90,79,17.22,49.22
619,10.53,121.07,suba,ph,78.85,68,100,11.36,9.55
621,-17.64,-70.65,ilabaya,pe,72.51,8,50,4.76,-17.42
622,-13.86,14.77,caluquembe,ao,66.93,0,58,5.44,-13.78
623,53.15,25.74,slonim,by,8.52,76,79,5.99,53.09
625,-31.13,113.49,perth,au,61.99,0,77,10.29,-31.95
626,6.25,-23.43,praia,cv,69.8,20,73,16.11,14.92
627,43.92,-86.53,muskegon,us,40.89,40,41,6.93,43.23
628,64.67,159.69,evensk,ru,-0.76,0,100,4.88,61.92
629,-0.05,-44.65,candido mendes,br,81.37,20,100,7.9,-1.45
630,5.51,-99.09,puerto escondido,mx,84.2,5,70,11.14,15.86
631,61.89,85.13,belyy yar,ru,6.8,80,84,2.24,53.6
632,56.8,-2.98,kirriemuir,gb,31.08,75,88,20.8,56.67
633,-3.77,104.24,prabumulih,id,71.38,68,96,1.97,-3.5
634,33.22,128.46,fukue,jp,42.8,75,60,19.46,35.03
635,17.06,124.64,dicabisagan,ph,73.9,92,100,3.09,17.08
636,24.77,78.26,chanderi,in,61.57,0,69,2.75,24.7
637,23.93,58.63,muscat,om,75.2,40,83,2.24,23.6
638,8.34,98.08,phangnga,th,75.02,20,78,2.98,8.45
640,49.06,-110.18,havre,us,17.6,1,78,5.77,48.55
641,52.25,-0.07,huntingdon,gb,30.2,20,80,21.92,52.33
642,41.74,138.36,kizukuri,jp,32.55,88,100,28.14,40.81
643,65.2,18.49,ornskoldsvik,se,-1.93,8,77,5.82,63.29
644,47.74,-103.11,williston,us,30.38,1,87,3.36,48.15
645,44.37,37.92,divnomorskoye,ru,37.95,80,88,9.46,44.5
646,-36.5,-66.57,santa rosa,ar,92.08,12,33,4.54,-36.62
647,34.09,52.01,kashan,ir,53.6,20,58,4.7,33.99
648,-31.62,112.19,kwinana,au,61.97,0,77,10.29,-32.25
649,-12.16,-66.31,riberalta,bo,91.4,75,63,4.7,-11
650,18.17,97.55,nyaunglebin,mm,67.65,68,84,2.3,17.95
651,68.96,-54.26,kangaatsiaq,gl,20.76,0,100,7.78,68.31
654,39.36,6.53,carbonia,it,55.4,40,93,4.7,39.17
655,50.79,85.4,ust-koksa,ru,10.27,12,54,5.99,50.27
656,-17.5,164.9,norsup,vu,77.95,92,100,5.44,-16.07
657,-4.71,112.36,paciran,id,73.09,88,99,3.31,-6.9
659,-4.66,-69.66,benjamin constant,br,91.22,40,58,5.82,-4.38
660,47.94,124.4,fuyu,cn,-10.39,0,70,2.98,47.79
661,23.45,2.74,tessalit,ml,79.84,36,31,5.77,20.2
662,18.93,-65.93,san juan,us,84.85,1,20,20.8,26.19
663,7.96,-59.68,mabaruma,gy,81.55,8,72,7.78,8.2
665,-31.07,-59.38,parana,ar,92.35,0,32,4.76,-31.73
666,35.47,48.22,qorveh,ir,24.63,0,76,3.42,35.17
667,72.95,15.14,andenes,no,30.2,75,74,12.75,69.31
668,-33.57,-60.83,pergamino,ar,89.25,0,40,4.76,-33.9
670,28.19,20.07,awjilah,ly,60.85,0,55,9.69,29.14
671,26.96,102.54,panzhihua,cn,50.5,0,51,3.76,26.59
672,32.23,-86.24,montgomery,us,62.96,90,82,16.11,32.37
673,-1.9,11,mouila,ga,77.28,20,83,2.86,-1.86
674,-0.67,-77.3,archidona,ec,69.9,24,83,3.53,-0.91
675,-50.04,-66.66,rio gallegos,ar,69.8,75,21,14.99,-51.62
676,48.58,124.99,nehe,cn,-12.19,0,38,3.09,48.48
677,-15.51,25.53,namwala,zm,66.79,88,100,5.44,-15.75
678,-4.39,-81.73,talara,pe,82.4,0,54,14.99,-4.58
679,-5.64,-49.13,maraba,br,84.97,68,77,3.42,-5.35
680,-23.09,165.54,noumea,nc,73.4,0,88,1.74,-22.28
681,57.87,57.83,lysva,ru,11.13,80,83,8.01,58.11
682,-22.67,-45.83,paraisopolis,br,86.92,40,62,6.93,-22.55
683,13.14,46.08,aden,ye,76.15,56,100,7.78,12.79
684,17.59,-99.95,tlacotepec,mx,77,40,20,14.99,18.96
